entry_date,direction,entry_price,sl,tp,qty_btc,exit_date,exit_price,pnl_dollar,exit_reason
2020-01-04 22:45:00,SHORT,6940.743618220785,7002.992956649446,6836.994720839683,16.064428,2020-01-05 00:15:00,6869.70248521408,1141.235166224628,TSL
2020-01-07 00:45:00,LONG,7059.619298339021,6999.1873493707,7160.339213286223,16.736385,2020-01-07 02:15:00,7099.426709968125,666.2321668781555,TSL
2020-01-09 03:00:00,LONG,7115.38914834469,7057.396055346073,7212.044303342384,17.555102,2020-01-09 03:15:00,7057.396055346073,-1018.0746628862022,SL
2020-01-11 18:45:00,LONG,7831.935428056462,7768.572124269303,7937.540934368394,15.906587,2020-01-11 21:30:00,7768.572124269303,-1007.8939042978831,SL
2020-01-13 20:30:00,SHORT,7173.463698366557,7221.0383900203415,7094.1725456102495,20.973651,2020-01-13 21:00:00,7221.0383900203415,-997.8149791790913,SL
2020-01-18 12:30:00,SHORT,6940.830575244831,6998.99543320897,6843.889145304601,16.983396,2020-01-18 12:45:00,6998.99543320897,-987.8368160887215,SL
2020-01-21 07:45:00,SHORT,7069.882833697973,7110.7046297940715,7001.846506871143,23.956772,2020-01-21 08:30:00,7069.882833697973,0.0,BE
2020-01-21 08:45:00,SHORT,7105.670127400603,7155.962320707262,7021.849805222837,19.445532,2020-01-21 09:45:00,7105.670127400603,0.0,BE
2020-01-26 21:45:00,LONG,7425.786616771274,7360.465577531166,7534.655015504787,14.971569,2020-01-27 01:00:00,7574.377722566244,2224.641993195703,TSL
2020-02-05 02:45:00,SHORT,8039.654232419723,8105.2635345434865,7930.305395546782,15.244864,2020-02-05 04:00:00,8105.2635345434865,-1000.2048880116915,SL
2020-02-23 03:00:00,LONG,8738.939229046558,8673.727958702819,8847.62467961946,15.184535,2020-02-23 03:30:00,8673.727958702819,-990.2028169289771,SL
2020-02-23 04:30:00,LONG,8590.037819161344,8522.573156796652,8702.478923102497,14.530582,2020-02-23 05:00:00,8522.573156796652,-980.3008085924612,SL
2020-02-23 20:45:00,LONG,8650.182643978831,8580.56772765077,8766.207504525599,13.940946,2020-02-23 22:15:00,8580.56772765077,-970.4977893240117,SL
2020-02-26 05:15:00,LONG,8997.326569100855,8934.72103199881,9101.669130937596,15.346771,2020-02-26 06:00:00,9047.860211701316,775.5282407851266,TSL
2020-02-28 05:30:00,LONG,9337.160907783615,9243.062488203874,9493.991607083184,10.292926,2020-02-28 06:30:00,9337.160907783615,0.0,BE
2020-03-01 04:30:00,SHORT,9064.954083658442,9131.59743966758,8953.881823643213,14.533303,2020-03-01 05:00:00,9131.59743966758,-968.5480858176628,SL
2020-03-04 04:00:00,SHORT,9654.385005868331,9728.14076875647,9531.4587343881,13.000511,2020-03-04 05:00:00,9654.385005868331,0.0,BE
2020-03-05 02:30:00,SHORT,9452.468041609814,9523.255089887498,9334.489627813675,13.545735,2020-03-05 03:00:00,9523.255089887498,-958.8625974017061,SL
2020-03-09 14:30:00,LONG,11204.741971185967,11110.185242071517,11362.336519710052,10.039201,2020-03-09 15:30:00,11361.915822786073,1577.8998881576358,TSL
2020-03-13 00:15:00,LONG,12233.29589913616,12129.340716831519,12406.554536310561,9.283356,2020-03-13 01:00:00,12233.29589913616,0.0,BE
2020-03-14 04:45:00,LONG,12299.769786570796,12228.92474851438,12417.844849998155,13.622027,2020-03-14 05:15:00,12332.39603245549,444.4356023499415,TSL
2020-03-14 06:00:00,LONG,12237.524018543429,12152.84702438555,12378.652342139892,11.44936,2020-03-14 06:30:00,12300.108056242017,716.5471778647155,TSL
2020-03-14 15:45:00,LONG,12227.236873422245,12118.833321269618,12407.909460343293,9.009509,2020-03-14 17:45:00,12371.014549464706,1295.366266303631,TSL
2020-03-17 04:30:00,SHORT,12279.268744119949,12379.459693234023,12112.283828929827,9.877304,2020-03-17 04:45:00,12379.459693234023,-989.6164624482407,SL
2020-03-19 22:30:00,LONG,12415.156060195332,12311.187679289009,12588.436695039201,9.423253,2020-03-19 23:45:00,12472.902668491428,544.1608998660151,TSL
2020-03-21 00:30:00,SHORT,12292.678348900348,12377.464043417684,12151.368858038122,11.619436,2020-03-21 03:45:00,12377.464043417684,-985.1619511597282,SL
2020-03-21 11:45:00,LONG,12433.564425331817,12355.559587344198,12563.572488644515,12.503203,2020-03-21 12:00:00,12484.091979453808,631.7562662807372,TSL
2020-03-26 15:30:00,SHORT,10937.303575446516,11027.106456657883,10787.632106760908,10.930917,2020-03-26 16:15:00,11027.106456657883,-981.6278408823033,SL
2020-03-29 15:00:00,SHORT,10991.818075035239,11084.653232323042,10837.092812888899,10.468142,2020-03-29 15:30:00,11084.653232323042,-971.8116090810637,SL
2020-03-30 00:45:00,LONG,11165.165025029974,11075.665592023677,11314.330746707135,10.749716,2020-03-30 01:30:00,11268.517943851442,1111.0145251018448,TSL
2020-03-30 12:45:00,LONG,11527.930493615644,11426.660793649167,11696.713326893105,9.610018,2020-03-30 13:00:00,11593.192747157076,627.171431253726,TSL
2020-04-12 05:30:00,SHORT,10126.093648862181,10197.307729133936,10007.403515075923,13.753956,2020-04-12 07:00:00,10046.810423343988,1090.4579953153027,TSL
2020-04-14 18:00:00,SHORT,9726.194458226813,9803.695589412726,9597.025906250294,12.778909,2020-04-14 19:30:00,9803.695589412726,-990.3799028218383,SL
2020-04-16 01:15:00,LONG,9898.56494538442,9801.201677031628,10060.83705930574,10.070288,2020-04-16 05:45:00,10137.147778114799,2402.5978374507413,TSL
2020-04-23 08:45:00,SHORT,9540.55904653634,9603.48926646345,9435.675346657825,15.962158,2020-04-23 09:45:00,9603.48926646345,-1004.5021134512727,SL
2020-04-24 17:30:00,LONG,9960.533651822554,9882.807360899113,10090.07747002829,12.794346,2020-04-24 21:00:00,10004.938008803196,568.1247071178459,TSL
2020-04-26 01:45:00,SHORT,8948.196399100478,9013.45258604525,8839.436087525857,15.326337,2020-04-26 03:15:00,8906.408259334648,640.4591126542014,TSL
2020-04-26 17:45:00,SHORT,9097.825318865769,9169.771624883206,8977.914808836707,13.990196,2020-04-26 19:30:00,8855.923072103911,3384.2598450387572,TSL
2020-04-28 03:45:00,SHORT,8587.858840499492,8661.79644967001,8464.62949188196,14.071127,2020-04-28 05:45:00,8415.047379794072,2431.652010641467,TSL
2020-04-29 11:00:00,SHORT,8005.782267818729,8068.787413700884,7900.773691348472,16.898652,2020-04-29 11:30:00,8068.787413700884,-1064.7020344717612,SL
2020-05-01 17:30:00,LONG,8098.497363661944,8026.133636155406,8219.103576172842,14.566069,2020-05-01 20:30:00,8208.43027975802,1601.2904412266544,TSL
2020-05-06 17:00:00,LONG,8220.48606360895,8153.298388823873,8332.46552158408,15.926551,2020-05-06 19:45:00,8153.298388823873,-1070.0679290359499,SL
2020-05-07 23:00:00,LONG,8540.577421235683,8458.011648500302,8678.187042461317,12.830586,2020-05-08 02:15:00,8540.577421235683,0.0,BE
2020-05-16 19:15:00,LONG,8554.079076361952,8477.93648637949,8680.983392999384,13.912939,2020-05-16 19:45:00,8554.079076361952,0.0,BE
2020-05-18 19:15:00,LONG,8824.966837462729,8756.33834741589,8939.347654207459,15.43626,2020-05-18 19:45:00,8861.839922053074,569.1825207385536,TSL
2020-05-20 06:00:00,LONG,9205.37623122687,9133.764626481345,9324.728905802745,14.872716,2020-05-20 06:45:00,9320.41879815113,1710.9954257755053,TSL
2020-05-23 13:15:00,SHORT,8822.50992798906,8904.511394218904,8685.84081760599,13.196947,2020-05-23 15:15:00,8904.511394218904,-1082.1690037575354,SL
2020-05-23 16:15:00,SHORT,9002.844956931847,9068.843193417084,8892.847896123121,16.232969,2020-05-23 17:30:00,9068.843193417084,-1071.3473269195165,SL
2020-05-25 03:15:00,SHORT,8990.99661390187,9053.972225226642,8886.037261693918,16.841978,2020-05-25 04:00:00,8990.99661390187,0.0,BE
2020-05-28 04:15:00,SHORT,8748.140916559936,8814.137649847471,8638.146361080711,16.071005,2020-05-28 05:45:00,8718.34106757633,478.9135220147826,TSL
2020-06-01 05:30:00,LONG,9260.217243089328,9190.839111171968,9375.847462951593,15.356755,2020-06-01 06:45:00,9260.217243089328,0.0,BE
2020-06-01 22:15:00,LONG,9336.46321141193,9275.703737265785,9437.729001655507,17.535092,2020-06-01 22:45:00,9275.703737265785,-1065.4229690242792,SL
2020-06-03 06:30:00,LONG,10012.062838244847,9929.711400213879,10149.315234963127,12.80814,2020-06-03 09:00:00,10105.66553035328,1198.8763849017178,TSL
2020-06-05 00:15:00,SHORT,9714.63107004811,9789.68822121208,9589.53581810816,14.212604,2020-06-05 01:00:00,9666.319406319653,686.6345451537165,TSL
2020-06-07 21:00:00,LONG,10335.348576727596,10259.105953838774,10462.419614875631,14.081676,2020-06-07 21:30:00,10335.348576727596,0.0,BE
2020-06-13 14:45:00,LONG,11920.779386318918,11826.878082392213,12077.28155953009,11.433535,2020-06-13 16:30:00,11986.135342119689,747.2496081065678,TSL
2020-06-15 21:30:00,SHORT,11511.416450055247,11607.148861936164,11351.862430253717,11.292898,2020-06-15 22:15:00,11442.248091327714,781.1112199374388,TSL
2020-06-17 02:00:00,LONG,12085.572899102142,11981.563231677072,12258.922344810591,10.469291,2020-06-17 04:45:00,11981.563231677072,-1088.907475086287,SL
2020-06-26 10:15:00,SHORT,11403.791541886807,11491.619646521029,11257.411367496436,12.274185,2020-06-26 11:45:00,11491.619646521029,-1078.018404479795,SL
2020-06-28 14:15:00,SHORT,11085.109864459273,11189.408026496663,10911.279594396956,10.23257,2020-06-28 17:00:00,11189.408026496663,-1067.2382439189387,SL
2020-07-01 00:30:00,SHORT,11334.058483887566,11412.360803221483,11203.554618331036,13.493417,2020-07-01 01:30:00,11412.360803221483,-1056.5658468397137,SL
2020-07-04 07:45:00,LONG,11926.02347817415,11844.758556730174,12061.465013914109,12.871485,2020-07-04 08:45:00,12020.765471565312,1219.470146804446,TSL
2020-07-06 12:30:00,SHORT,11478.330229609019,11543.80164949409,11369.211196467235,16.162699,2020-07-06 13:15:00,11443.207868408948,567.6721522460163,TSL
2020-07-08 19:45:00,SHORT,11018.97334966504,11130.167905534963,10833.649089881836,9.567659,2020-07-08 20:30:00,11018.97334966504,0.0,BE
2020-07-14 06:30:00,LONG,11130.175079224644,11041.418165273019,11278.103269144021,11.986352,2020-07-14 08:30:00,11212.086928182911,981.8242545846216,TSL
2020-07-19 13:15:00,SHORT,10467.512447779432,10553.031736217023,10324.98030038345,12.554944,2020-07-19 13:45:00,10467.512447779432,0.0,BE
2020-07-21 18:00:00,SHORT,9580.639018503723,9660.091559113596,9448.218117487268,13.5136,2020-07-21 20:45:00,9660.091559113596,-1073.6898527855772,SL
2020-07-21 23:15:00,SHORT,9743.318718864759,9813.161204719385,9626.914575773717,15.219289,2020-07-21 23:45:00,9705.342072690106,577.9775533827896,TSL
2020-07-22 00:15:00,SHORT,9788.050780860329,9864.319139152385,9660.93685037357,14.012793,2020-07-22 01:00:00,9748.833731382349,549.5403964056953,TSL
2020-07-24 00:45:00,LONG,10107.156407854845,10037.79444903686,10222.759672551487,15.487281,2020-07-24 01:30:00,10187.976351649944,1251.6811799589027,TSL
2020-07-30 15:00:00,LONG,12684.635221972878,12601.021690935524,12823.991107035135,12.997238,2020-07-30 15:45:00,12684.635221972878,0.0,BE
2020-07-30 15:45:00,LONG,12608.055009489255,12516.21309298982,12761.124870321648,11.832777,2020-07-30 16:30:00,12608.055009489255,0.0,BE
2020-08-03 10:00:00,LONG,13222.26205067161,13121.761761343249,13389.762532885547,10.813351,2020-08-03 11:00:00,13222.26205067161,0.0,BE
2020-08-03 11:00:00,LONG,13183.440969041358,13089.138356445019,13340.611990035255,11.524017,2020-08-03 11:15:00,13089.138356445019,-1086.7449107046225,SL
2020-08-08 16:15:00,SHORT,13645.401625720931,13762.636609729807,13450.00998570614,9.177103,2020-08-08 17:00:00,13762.636609729807,-1075.8775234528032,SL
2020-08-09 03:30:00,LONG,13847.726924614373,13728.567163693211,14046.326526149644,8.938577,2020-08-09 05:30:00,14007.769703276359,1430.5547003641163,TSL
2020-08-12 11:30:00,SHORT,14369.691491549767,14473.439089338626,14196.778828568335,10.40433,2020-08-12 12:30:00,14243.812955634943,1309.6818275746825,TSL
2020-08-12 17:00:00,SHORT,14336.591082523833,14459.628175808824,14131.529260382182,8.879607,2020-08-12 17:15:00,14459.628175808824,-1092.521034793059,SL
2020-08-15 14:30:00,LONG,15368.909187254147,15238.068178167461,15586.977535731958,8.26649,2020-08-15 15:45:00,15448.925159169024,661.4512316746182,TSL
2020-08-19 00:00:00,SHORT,13818.740683343558,13910.411161602133,13665.9565529126,11.870892,2020-08-19 01:00:00,13818.740683343558,0.0,BE
2020-08-19 01:30:00,SHORT,13921.903306791697,14025.197362034318,13749.746548053996,10.535073,2020-08-19 02:45:00,13850.245926805606,754.915729142205,TSL
2020-08-19 05:30:00,SHORT,14047.315624011413,14150.09089188809,13876.023510883617,10.661705,2020-08-19 06:30:00,14150.09089188809,-1095.7595873971106,SL
2020-08-26 06:30:00,SHORT,13147.67323156782,13249.979268689356,12977.163169698593,10.603499,2020-08-26 09:45:00,13025.76980546363,1292.6028567923595,TSL
2020-08-31 14:15:00,SHORT,12051.166121964192,12148.949143758211,11888.19441897416,11.226161,2020-08-31 15:15:00,11966.028357671126,955.7702491340059,TSL
2020-09-01 05:45:00,SHORT,11549.361252803199,11638.985027311635,11399.988295289138,12.354821,2020-09-01 08:00:00,11549.361252803199,0.0,BE
2020-09-02 00:45:00,SHORT,11174.097407000287,11253.78313880343,11041.287853995049,13.895658,2020-09-02 01:15:00,11253.78313880343,-1107.2856766162042,SL
2020-09-02 06:00:00,SHORT,11401.417338107098,11487.166012276377,11258.5028811583,12.784021,2020-09-02 06:15:00,11487.166012276377,-1096.2128513022226,SL
2020-09-02 21:30:00,SHORT,11271.731441149335,11358.454645663254,11127.19276695947,12.51396,2020-09-02 22:30:00,11234.757774224776,462.68698894725986,TSL
2020-09-06 11:15:00,LONG,11688.721496901364,11588.996595599654,11854.929665737547,10.928841,2020-09-06 11:30:00,11588.996595599654,-1089.8775900670805,SL
2020-09-09 12:15:00,SHORT,10779.120760416643,10878.463576347072,10613.549400532596,10.861166,2020-09-09 13:15:00,10878.463576347072,-1078.9788147278384,SL
2020-09-15 07:30:00,SHORT,12946.13485887929,13055.780986989674,12763.39131202865,9.74215,2020-09-15 09:00:00,12888.702770648057,559.512018361908,TSL
2020-09-15 14:15:00,SHORT,12830.534264234439,12933.955870400796,12658.164920623842,10.38259,2020-09-15 15:30:00,12733.155543115285,1011.0433361045157,TSL
2020-09-16 04:30:00,SHORT,12568.914946414376,12664.994723939468,12408.781983872554,11.281193,2020-09-16 06:00:00,12664.994723939468,-1083.8945136576267,SL
2020-09-16 08:15:00,SHORT,12751.981573276456,12847.222665937757,12593.246418840956,11.266729,2020-09-16 09:15:00,12847.222665937757,-1073.0555806787681,SL
2020-09-21 00:45:00,LONG,12732.708569950886,12630.651275144217,12902.804061295335,10.409105,2020-09-21 02:00:00,12630.651275144217,-1062.3250976585748,SL
2020-09-24 08:45:00,LONG,12544.187724528198,12455.006027790683,12692.823885757389,11.792799,2020-09-24 09:15:00,12455.006027790683,-1051.7018241044627,SL
2020-09-28 02:30:00,LONG,13023.277067970868,12935.27520691062,13169.946836404613,11.831395,2020-09-28 03:30:00,13108.656344651145,1010.1559472186369,TSL
2020-09-30 08:45:00,SHORT,12605.5475164149,12688.49048397927,12467.309237140948,12.67481,2020-09-30 10:00:00,12525.153579719585,1018.9778727651399,TSL
2020-10-01 12:45:00,SHORT,12307.468058468145,12391.837383416267,12166.852516887942,12.581304,2020-10-01 14:00:00,12391.837383416267,-1061.4761254471082,SL
2020-10-03 22:30:00,SHORT,12225.432169619931,12312.367755306122,12080.539526809613,12.087816,2020-10-04 00:45:00,12067.84781573181,1904.8506742785005,TSL
2020-10-08 14:15:00,LONG,13781.277628621203,13675.633294017594,13957.351519627218,10.12747,2020-10-08 15:00:00,13675.633294017594,-1069.9098293680072,SL
2020-10-11 00:30:00,SHORT,12521.115800979229,12624.970661809344,12348.02436626237,10.198952,2020-10-11 01:00:00,12624.970661809344,-1059.210740573026,SL
2020-10-13 09:15:00,LONG,12830.572744829195,12741.589772699783,12978.877698378215,11.784487,2020-10-13 09:45:00,12741.589772699783,-1048.6186782804157,SL
2020-10-20 01:30:00,SHORT,11724.75517112202,11803.86333137987,11592.908237358939,13.122951,2020-10-20 01:45:00,11724.75517112202,0.0,BE
2020-10-25 17:30:00,LONG,12332.53038595352,12211.372153389328,12534.460773560508,8.568402,2020-10-25 20:00:00,12438.206602537248,905.4763055284491,TSL
2020-10-28 08:15:00,SHORT,12271.843605848357,12355.446254863973,12132.505857488995,12.525766,2020-10-28 08:45:00,12204.977457283445,837.5497302453208,TSL
2020-10-29 13:30:00,SHORT,12047.015682272344,12153.631832968249,11869.322097779168,9.900589,2020-10-29 14:45:00,11977.963941456013,683.6529055570127,TSL
2020-10-29 17:15:00,SHORT,12154.531155151722,12258.078072652715,11981.952959316735,10.260076,2020-10-29 20:00:00,12258.078072652715,-1062.3992431259182,SL
2020-10-30 09:45:00,LONG,12394.529090430462,12295.969176032911,12558.79561442638,10.67143,2020-10-30 10:45:00,12433.19521223536,412.62281221243796,TSL
2020-10-31 09:00:00,SHORT,12161.409747327178,12264.239458817432,11990.02689484342,10.268448,2020-10-31 13:00:00,12045.17693133471,1193.5306269122186,TSL
2020-11-04 18:00:00,LONG,12494.199827978393,12398.563887261882,12653.59306250591,11.165643,2020-11-04 18:30:00,12398.563887261882,-1067.8367720097256,SL
2020-11-06 00:00:00,LONG,13031.038459977333,12926.679366512288,13204.970282419075,10.130008,2020-11-06 00:45:00,12926.679366512288,-1057.1584516736596,SL
2020-11-12 07:45:00,SHORT,12483.239627228233,12578.195089229783,12324.980523892316,11.021871,2020-11-12 08:00:00,12578.195089229783,-1046.5868529264824,SL
2020-11-13 11:30:00,SHORT,12462.016409936992,12561.963340837628,12295.438191769264,10.366711,2020-11-13 13:45:00,12363.274322474435,1023.6306842610499,TSL
2020-11-14 09:45:00,SHORT,11739.364338433325,11837.328338207706,11576.091005476022,10.681039,2020-11-14 11:00:00,11739.364338433325,0.0,BE
2020-11-22 00:15:00,SHORT,10336.45947435115,10413.029416367202,10208.842904324394,13.665379,2020-11-22 01:00:00,10336.45947435115,0.0,BE
2020-11-22 02:30:00,SHORT,10441.650251304945,10525.75173455643,10301.48111255247,12.441603,2020-11-22 03:15:00,10441.650251304945,0.0,BE
2020-11-22 03:45:00,SHORT,10458.363725880316,10539.282202262997,10323.499598575847,12.931006,2020-11-22 05:45:00,10366.709431260964,1185.182233648599,TSL
2020-11-22 07:15:00,SHORT,10513.841599647878,10586.353553303457,10392.988343555246,14.593582,2020-11-22 07:30:00,10586.353553303457,-1058.2091416528979,SL
2020-11-25 10:15:00,LONG,10915.50414148337,10837.715309430088,11045.152194905506,13.467576,2020-11-25 10:45:00,10837.715309430088,-1047.6270076288117,SL
2020-11-26 22:00:00,LONG,11401.287904917759,11297.942857173295,11573.529651158531,10.035805,2020-11-26 23:30:00,11484.663496043151,836.7411742941648,TSL
2020-11-28 08:30:00,LONG,11953.101184316747,11857.340599555979,12112.702158918028,10.918043,2020-11-28 08:45:00,11857.340599555979,-1045.5181821232134,SL
2020-11-30 02:45:00,SHORT,9903.589391923828,9980.889378386562,9774.756081152604,13.390209,2020-11-30 04:15:00,9980.889378386562,-1035.0629744331861,SL
2020-11-30 07:15:00,SHORT,10117.789747732888,10193.215619380446,9992.079961653624,13.585688,2020-11-30 08:00:00,10078.143650791499,538.6195034634687,TSL
2020-11-30 09:00:00,SHORT,10183.31426405564,10263.387395530439,10049.859044930974,12.864472,2020-11-30 10:45:00,10008.00592035971,2255.2492788426625,TSL
2020-12-05 05:45:00,SHORT,10051.87135467373,10127.001890198926,9926.653795465074,14.010961,2020-12-05 06:00:00,10127.001890198926,-1052.6510031526248,SL
2020-12-06 01:45:00,SHORT,9925.492573408439,9995.563809834464,9808.707179365063,14.872358,2020-12-06 03:00:00,9925.492573408439,0.0,BE
2020-12-06 22:45:00,LONG,10351.745953200276,10272.953409029184,10483.066860152096,13.226182,2020-12-07 01:00:00,10395.555818284081,579.4372489938576,TSL
2020-12-09 08:30:00,LONG,10525.91733242208,10443.748475424643,10662.865427417806,12.753237,2020-12-09 09:15:00,10443.748475424643,-1047.9189073074072,SL
2020-12-12 16:45:00,LONG,12153.371895566594,12058.390941244152,12311.673486103999,10.922608,2020-12-12 18:00:00,12242.307670765045,971.4106096688098,TSL
2020-12-12 20:45:00,LONG,11907.759332000871,11809.027868967094,12072.311770390499,10.60608,2020-12-12 21:30:00,11809.027868967094,-1047.1537954532805,SL
2020-12-13 12:15:00,SHORT,11587.069276657608,11682.639669043388,11427.785289347976,10.847316,2020-12-13 13:15:00,11682.639669043388,-1036.6822464525494,SL
2020-12-14 00:00:00,LONG,11923.753398066896,11828.540739528456,12082.441162297626,10.779191,2020-12-14 00:45:00,11828.540739528456,-1026.3154320036194,SL
2020-12-22 10:15:00,LONG,12102.157437189318,11999.392560058992,12273.432232406529,9.887155,2020-12-22 11:15:00,12143.222903852193,406.02063404317107,TSL
2020-12-24 09:30:00,SHORT,11484.908497182769,11569.754647947215,11343.498245908693,12.023085,2020-12-24 10:00:00,11569.754647947215,-1020.1124825637501,SL
2020-12-24 11:00:00,SHORT,11644.111390807613,11724.487941161906,11510.150473550459,12.564752,2020-12-24 11:30:00,11597.600669180685,584.3956825833867,TSL
2020-12-26 00:00:00,SHORT,11113.230340395015,11197.766593200706,10972.336585718864,12.015618,2020-12-26 00:45:00,11197.766593200706,-1015.7553208646029,SL
2021-01-01 09:15:00,LONG,12457.356260129118,12357.648050470609,12623.536609559967,10.085406,2021-01-01 09:45:00,12357.648050470609,-1005.5977759391855,SL
2021-01-05 22:00:00,LONG,12404.449362472882,12304.690681193175,12570.713831272393,9.979501,2021-01-05 22:45:00,12522.591331906951,1178.9979021092643,TSL
2021-01-09 05:30:00,SHORT,12902.643370871776,13030.19790300829,12690.052483977586,7.897264,2021-01-09 06:00:00,13030.19790300829,-1007.3318146785307,SL
2021-01-09 17:00:00,SHORT,12577.967581322951,12680.583183611425,12406.941577508827,9.71839,2021-01-09 17:45:00,12542.581790720922,343.89291352885624,TSL
2021-01-09 18:15:00,SHORT,12667.686099718116,12774.375442973636,12489.870527625582,9.379544,2021-01-09 19:30:00,12774.375442973636,-1000.6973893962598,SL
2021-01-09 20:45:00,SHORT,12866.582150535358,12974.07363349375,12687.429678938037,9.216455,2021-01-09 22:30:00,12974.07363349375,-990.6904155692888,SL
2021-01-11 20:00:00,LONG,12813.939649581267,12707.028391247715,12992.125080137188,9.17381,2021-01-11 21:30:00,12855.840906060306,384.3941656999741,TSL
2021-01-16 02:45:00,LONG,14005.413238751822,13903.545481515248,14175.192834146113,9.665742,2021-01-16 04:15:00,14192.057386146596,1804.0541745278608,TSL
2021-01-16 10:15:00,LONG,14087.074033088536,13967.10419386269,14287.023765131615,8.357667,2021-01-16 12:15:00,13967.10419386269,-1002.6679662931665,SL
2021-01-22 07:00:00,LONG,14356.276010710522,14234.365019152707,14559.460996640217,8.142345,2021-01-22 07:30:00,14234.365019152707,-992.641352555822,SL
2021-01-24 05:30:00,LONG,15273.36757427759,15147.651017703649,15482.895168567493,7.816909,2021-01-24 06:45:00,15273.36757427759,0.0,BE
2021-01-25 11:15:00,LONG,16453.494584751563,16322.791780345915,16671.33259209431,7.518698,2021-01-25 12:00:00,16453.494584751563,0.0,BE
2021-01-30 00:30:00,SHORT,16005.931494376575,16129.749930740067,15799.567433770755,7.936741,2021-01-30 01:45:00,15870.515144765433,1074.76449402908,TSL
2021-01-30 10:15:00,SHORT,16217.41634276224,16330.614071177879,16028.753462069511,8.776347,2021-01-30 11:15:00,16330.614071177879,-993.4625441874016,SL
2021-02-04 14:15:00,LONG,17362.01492964335,17232.87568012793,17577.247012169046,7.616026,2021-02-04 15:00:00,17232.87568012793,-983.527881929909,SL
2021-02-14 07:00:00,SHORT,17949.36213339849,18090.78844529507,17713.65161357085,6.884806,2021-02-14 07:45:00,17949.36213339849,0.0,BE
2021-02-17 03:45:00,SHORT,17310.84637384767,17451.84165749498,17075.854234435486,6.905853,2021-02-17 05:00:00,17110.315613139675,1384.8359554275949,TSL
2021-02-20 06:00:00,LONG,18548.067671524066,18417.106258537824,18766.336693167807,7.540702,2021-02-20 06:30:00,18417.106258537824,-987.5409888281815,SL
2021-02-24 06:00:00,LONG,18148.900417179648,18030.63196371767,18346.014506282947,8.266495,2021-02-24 07:00:00,18148.900417179648,0.0,BE
2021-02-28 15:00:00,LONG,20903.595557581204,20737.51669596735,21180.39366027096,5.886755,2021-02-28 16:15:00,21046.517412637902,841.3459448642947,TSL
2021-03-01 07:15:00,LONG,21159.92674386632,21013.391296691512,21404.152489157666,6.729287,2021-03-01 08:15:00,21404.20184991308,1643.7972955440828,TSL
2021-03-03 02:00:00,SHORT,20519.299837778228,20676.340977984095,20257.564604101783,6.383786,2021-03-03 03:00:00,20676.340977984095,-1002.5170322702517,SL
2021-03-06 09:30:00,LONG,23822.887883332503,23629.808717483254,24144.68649308125,5.140336,2021-03-06 10:15:00,23822.887883332503,0.0,BE
2021-03-07 06:15:00,LONG,23601.829170237565,23449.619605326385,23855.511778422864,6.520562,2021-03-07 06:45:00,23449.619605326385,-992.4919049963721,SL
2021-03-09 17:00:00,SHORT,22145.235772894135,22328.190224417147,21840.31168702245,5.370555,2021-03-09 18:30:00,21854.77805355726,1559.9191568732508,TSL
2021-03-11 18:45:00,LONG,22230.817442396266,22070.627863896974,22497.80007322842,6.231155,2021-03-11 19:45:00,22070.627863896974,-998.1660930137566,SL
2021-03-13 05:15:00,SHORT,21045.678235734562,21169.99277170054,20838.487342457927,7.949066,2021-03-13 06:15:00,20828.8132229254,1723.8742999108683,TSL
2021-03-20 06:00:00,LONG,24476.982824417442,24265.6344344626,24829.23014100884,4.757184,2021-03-20 09:30:00,24265.6344344626,-1005.4231791189301,SL
2021-03-23 22:30:00,LONG,25953.966020219905,25776.477786344716,26249.779743345218,5.608084,2021-03-23 23:00:00,25953.966020219905,0.0,BE
2021-03-25 07:00:00,LONG,27549.50514049007,27325.97785960673,27922.05060862897,4.453009,2021-03-25 08:00:00,27325.97785960673,-995.3689935190396,SL
2021-03-26 01:45:00,LONG,27086.838226168926,26890.463686771374,27414.129125164847,5.01804,2021-03-26 03:15:00,27086.838226168926,0.0,BE
2021-03-31 13:00:00,SHORT,28309.79888070934,28536.19283926493,27932.475616450018,4.352657,2021-03-31 14:45:00,28309.79888070934,0.0,BE
2021-04-01 11:30:00,LONG,29585.76471265249,29322.99299342797,30023.717578026684,3.750081,2021-04-01 12:30:00,29778.480877972543,722.701229959589,TSL
2021-04-01 18:00:00,LONG,29265.204148575944,29030.59251773337,29656.223533313565,4.231002,2021-04-01 20:45:00,29513.670348931526,1051.2609906368693,TSL
2021-04-05 07:00:00,LONG,31206.091354350312,30969.884802321438,31599.768941065104,4.246939,2021-04-05 09:15:00,31653.032756754146,1898.1328725835374,TSL
2021-04-05 11:45:00,LONG,30851.26928454606,30603.021009019172,31265.016410424207,4.117395,2021-04-05 14:30:00,31135.864676668603,1171.7916445484045,TSL
2021-04-08 01:15:00,LONG,31555.067092174624,31315.213286119917,31954.823435599137,4.310351,2021-04-08 02:15:00,31853.014184800406,1284.2565486466312,TSL
2021-04-09 05:00:00,LONG,32356.63589657399,32120.716710343466,32749.83454029153,4.436675,2021-04-09 05:45:00,32508.134420525268,672.1497137515404,TSL
2021-04-10 12:45:00,SHORT,30024.060047237344,30285.220485482896,29588.792650161424,4.033606,2021-04-10 13:30:00,29933.123944746065,366.8004086254403,TSL
2021-04-11 01:45:00,SHORT,29491.960686497754,29733.487229261482,29089.416448558208,4.376688,2021-04-11 02:15:00,29301.08828679256,835.3889413209215,TSL
2021-04-14 03:45:00,SHORT,24745.417165123577,24933.03678931087,24432.71779147809,5.678724,2021-04-14 04:00:00,24933.03678931087,-1065.4400627433618,SL
2021-04-17 07:15:00,SHORT,24440.093829755828,24598.072660256996,24176.79577892055,6.676754,2021-04-17 07:45:00,24598.072660256996,-1054.7857884639952,SL
2021-04-20 15:30:00,SHORT,24583.7472467103,24726.928663145052,24345.111552652375,7.29311,2021-04-20 16:30:00,24583.7472467103,0.0,BE
2021-04-23 08:00:00,LONG,24826.185972851956,24620.31998157292,25169.295958317016,5.072416,2021-04-23 09:00:00,24620.31998157292,-1044.2379480196394,SL
2021-04-25 08:45:00,LONG,25361.535481584626,25171.506330434502,25678.2507335015,5.440194,2021-04-25 09:30:00,25171.506330434502,-1033.7954479119958,SL
2021-04-26 09:30:00,SHORT,24513.47266765147,24674.376014685196,24245.300422595254,6.360698,2021-04-26 09:45:00,24405.84220027219,684.6048985984526,TSL
2021-04-27 14:15:00,LONG,24919.966928090587,24718.250127474057,25256.1615957848,5.107674,2021-04-27 14:45:00,25038.194385274302,603.8673091433752,TSL
2021-04-28 18:00:00,SHORT,24401.851019287733,24581.5712206936,24102.317350277954,5.76642,2021-04-28 18:45:00,24294.71526596669,617.7897506655288,TSL
2021-04-30 05:15:00,SHORT,22831.38979698601,23024.606769507394,22509.361509450373,5.395593,2021-04-30 08:30:00,22166.033662932863,3589.9908994042307,TSL
2021-05-02 01:30:00,LONG,22621.07938094536,22478.986369224727,22857.901067146417,7.589536,2021-05-02 02:15:00,22478.986369224727,-1078.42002780217,SL
2021-05-06 03:45:00,LONG,23037.352940021276,22874.725454283787,23308.398749583754,6.564916,2021-05-06 04:30:00,22874.725454283787,-1067.6357831578089,SL
2021-05-14 04:15:00,SHORT,25268.065931935504,25480.392273682945,24914.18869568977,4.977995,2021-05-14 08:00:00,25268.065931935504,0.0,BE
2021-05-14 18:30:00,SHORT,25111.089979325185,25306.395345774843,24785.58103524242,5.41183,2021-05-14 20:15:00,24966.419066344166,782.9343869980669,TSL
2021-05-18 11:00:00,LONG,25101.11624686275,24903.322305964386,25430.772815026692,5.383324,2021-05-18 13:15:00,25553.00154268576,2432.6449582511045,TSL
2021-05-21 16:15:00,LONG,28437.432486038633,28205.44293410824,28824.081739255955,4.694674,2021-05-21 18:00:00,28617.11094864685,843.5318067667607,TSL
2021-05-24 05:00:00,SHORT,26258.298272376353,26456.365709275273,25928.185877544816,5.541298,2021-05-24 05:45:00,26456.365709275273,-1097.5506919531133,SL
2021-05-28 07:15:00,SHORT,23458.61469169351,23609.56663895693,23207.028112921143,7.198152,2021-05-28 07:45:00,23609.56663895693,-1086.5750610980824,SL
2021-05-28 11:45:00,SHORT,23906.47580294276,24077.60891760253,23621.25394517648,6.285805,2021-05-28 12:00:00,24077.60891760253,-1075.7093877939524,SL
2021-05-30 07:30:00,LONG,23669.621092763053,23476.840709029635,23990.92173231875,5.524173,2021-05-30 08:00:00,23770.95569780768,559.7898891531928,TSL
2021-06-02 12:30:00,SHORT,21321.785354324267,21511.28794182501,21005.9477084897,5.649264,2021-06-02 16:30:00,21243.915419311103,439.9078205522106,TSL
2021-06-03 04:30:00,SHORT,21213.181207731104,21377.34018687629,20939.582909155797,6.548221,2021-06-03 07:00:00,21377.34018687629,-1074.9492745770576,SL
2021-06-06 13:15:00,SHORT,19822.38696710662,19965.59970794187,19583.69906571454,7.430901,2021-06-06 14:15:00,19772.240931656226,372.6302249743702,TSL
2021-06-08 15:15:00,LONG,20693.27341628881,20545.417692789717,20939.699622120625,7.222758,2021-06-08 15:30:00,20693.27341628881,0.0,BE
2021-06-08 16:00:00,LONG,20598.348466303694,20439.881981346978,20862.45927456489,6.739129,2021-06-08 18:30:00,20439.881981346978,-1067.9260842998697,SL
2021-06-13 15:00:00,SHORT,20221.968335388105,20365.88291437677,19982.110703740327,7.346349,2021-06-13 15:45:00,20118.949114828327,756.8151479401027,TSL
2021-06-17 00:15:00,LONG,21260.04764160256,21074.49946125974,21569.29460884059,5.738752,2021-06-17 05:45:00,21074.49946125974,-1064.8149910387147,SL
2021-06-18 08:45:00,SHORT,20851.343449462358,20994.15587909636,20613.322733405683,7.381478,2021-06-18 09:15:00,20994.15587909636,-1054.1668074699405,SL
2021-06-19 13:15:00,SHORT,19961.865397812802,20107.731427588864,19718.755348186034,7.154682,2021-06-19 14:00:00,19961.865397812802,0.0,BE
2021-06-19 15:00:00,SHORT,20268.95930032123,20426.32352387733,20006.685594394396,6.631908,2021-06-19 15:30:00,20268.95930032123,0.0,BE
2021-06-22 14:30:00,LONG,20959.19211781762,20777.703600192377,21261.672980526357,5.750364,2021-06-22 15:00:00,21031.81117209845,417.585995450525,TSL
2021-06-26 07:15:00,SHORT,20981.194661387493,21147.105807590375,20704.67608438269,6.315435,2021-06-26 09:00:00,20779.981771386196,1270.746927965345,TSL
2021-06-27 12:30:00,SHORT,20663.167099313992,20794.881369188777,20443.64331618935,8.051584,2021-06-27 14:00:00,20608.348742697228,441.3746030418352,TSL
2021-07-02 16:00:00,LONG,23321.93207244331,23165.489315086503,23582.670001371316,6.807104,2021-07-02 16:30:00,23165.489315086503,-1064.9221193745461,SL
2021-07-03 03:15:00,SHORT,22638.051856819737,22804.002090763795,22361.46813357964,6.352947,2021-07-03 05:30:00,22390.89326299016,1570.1854471938216,TSL
2021-07-06 11:45:00,LONG,25231.37023692535,25020.09691022262,25583.49244809657,5.06441,2021-07-06 14:15:00,25347.277098793464,586.999870313486,TSL
2021-07-06 21:15:00,LONG,24967.681546104817,24792.021421909772,25260.448419763223,6.124582,2021-07-06 21:45:00,24792.021421909772,-1075.8448347627357,SL
2021-07-09 05:15:00,SHORT,23351.3717178389,23533.626351700423,23047.613994736366,5.843947,2021-07-09 05:30:00,23533.626351700423,-1065.086420791135,SL
2021-07-12 05:30:00,LONG,22748.78329407101,22557.17445137274,23068.131365234793,5.503063,2021-07-12 06:15:00,22557.17445137274,-1054.4355327256778,SL
2021-07-15 07:15:00,SHORT,22511.49170887463,22650.93925735282,22279.079128077643,7.485905,2021-07-15 07:30:00,22345.061422360573,1245.8813139670058,TSL
2021-07-16 00:15:00,SHORT,22531.43324730307,22726.108799138794,22206.973994243526,5.426208,2021-07-16 01:00:00,22726.108799138794,-1056.3500367754204,SL
2021-07-19 03:15:00,SHORT,23841.465414487287,24039.724524189074,23511.033564984307,5.274847,2021-07-19 04:15:00,23841.465414487287,0.0,BE
2021-07-21 08:00:00,LONG,24470.488592324215,24281.571355405515,24785.35065385538,5.535686,2021-07-21 09:00:00,24281.571355405515,-1045.7865035695304,SL
2021-07-26 00:15:00,LONG,26376.469392369094,26141.424203423554,26768.211373944996,4.404807,2021-07-26 02:00:00,26593.05103172953,954.0003211263257,TSL
2021-07-26 14:15:00,LONG,27268.05258902376,27091.585414496785,27562.164546568714,5.921037,2021-07-26 15:00:00,27091.585414496785,-1044.868669659667,SL
2021-07-27 04:30:00,LONG,26923.33566834606,26673.605355642572,27339.5528561852,4.142148,2021-07-27 07:15:00,27382.51484625591,1901.9881134209268,TSL
2021-07-29 01:00:00,LONG,28917.88562496167,28710.87971822643,29262.8954695204,5.088936,2021-07-29 02:00:00,28710.87971822643,-1053.4398109975934,SL
2021-07-29 08:15:00,LONG,28959.180976828797,28744.683826054283,29316.676228119653,4.862094,2021-07-29 09:45:00,29108.814382843208,727.5316855822309,TSL
2021-07-31 12:45:00,LONG,31034.7105204034,30804.919719915408,31417.69518788339,4.57016,2021-07-31 14:15:00,30804.919719915408,-1050.1807247582092,SL
2021-08-03 14:45:00,LONG,33806.504971471804,33566.77355716967,34206.05732864204,4.336849,2021-08-03 15:30:00,33566.77355716967,-1039.6789443848033,SL
2021-08-03 16:30:00,LONG,33233.762323322066,33026.895764465546,33578.539921416275,4.975585,2021-08-03 16:45:00,33026.895764465546,-1029.282147248118,SL
2021-08-05 18:15:00,SHORT,32029.040527293415,32295.452500840172,31585.020571382156,3.824863,2021-08-05 20:00:00,31828.70610649853,766.2517137247927,TSL
2021-08-06 06:00:00,LONG,32347.177305148445,32124.802228504832,32717.802432887802,4.616758,2021-08-06 06:30:00,32124.802228504832,-1026.6519140950147,SL
2021-08-10 07:45:00,LONG,34218.61689973702,33946.05357790639,34672.889102788075,3.728988,2021-08-10 09:30:00,33946.05357790639,-1016.385356346565,SL
2021-08-12 19:15:00,SHORT,33520.988727000105,33777.835098114025,33092.91144181024,3.9176,2021-08-12 20:30:00,33315.44464247424,805.2395055385232,TSL
2021-08-13 15:45:00,LONG,33845.20928737613,33589.13824031601,34271.99436580967,3.960908,2021-08-13 16:30:00,33845.20928737613,0.0,BE
2021-08-13 16:30:00,LONG,33843.97091699443,33587.26549972275,34271.8132791139,3.95112,2021-08-13 18:00:00,33978.50804105512,531.5723216186774,TSL
2021-08-14 10:15:00,LONG,35400.036827773554,35066.18425136071,35956.45778846163,3.054011,2021-08-14 11:45:00,35066.18425136071,-1019.5894407431618,SL
2021-08-16 07:00:00,LONG,35986.4452471995,35727.2771918125,36418.39200617783,3.894746,2021-08-16 07:45:00,36319.721329554886,1298.0256886493007,TSL
2021-08-16 10:00:00,LONG,35497.22090839775,35207.02465461175,35980.88133137442,3.523043,2021-08-16 10:45:00,35497.22090839775,0.0,BE
2021-08-23 09:45:00,LONG,34915.687575944714,34624.984998936365,35400.19187095863,3.516907,2021-08-23 11:00:00,34624.984998936365,-1022.3739279987022,SL
2021-08-23 12:00:00,LONG,34234.52980710056,33930.95981784328,34740.47978919603,3.334158,2021-08-23 12:45:00,34234.52980710056,0.0,BE
2021-08-28 09:30:00,SHORT,33563.64711705013,33839.69144837362,33103.57323151099,3.666622,2021-08-28 10:30:00,33839.69144837362,-1012.1502182059843,SL
2021-08-28 15:00:00,SHORT,34072.29003066034,34275.787074218715,33733.12829139638,4.924045,2021-08-28 15:30:00,33958.96308415722,558.0269842939504,TSL
2021-08-30 07:15:00,SHORT,30648.96386915362,30871.48479597621,30278.095657782636,4.528154,2021-08-30 07:45:00,30871.48479597621,-1007.6090248754094,SL
2021-09-02 01:30:00,SHORT,28296.878715767176,28505.92738613808,27948.464265149007,4.771773,2021-09-02 01:45:00,28296.878715767176,0.0,BE
2021-09-02 01:45:00,SHORT,28239.6880980234,28449.299341479837,27890.336025596,4.758966,2021-09-02 02:45:00,28104.55176345198,643.1092215900118,TSL
2021-09-02 06:00:00,SHORT,28303.009298012796,28487.50945261933,27995.509040335233,5.441535,2021-09-02 06:15:00,28180.701044745205,665.5446409444595,TSL
2021-09-05 00:30:00,SHORT,27158.769821542624,27415.660600419513,26730.618523414476,3.934043,2021-09-05 03:45:00,26999.944822982605,624.8243738100551,TSL
2021-09-05 05:15:00,SHORT,27178.91446585399,27373.770243068157,26854.154837163715,5.218566,2021-09-05 07:00:00,27373.770243068157,-1016.8677338734154,SL
2021-09-13 12:30:00,LONG,26346.686953682176,26105.39197281429,26748.84525512865,4.172068,2021-09-13 14:15:00,26672.10319811006,1357.6587000577554,TSL
2021-09-14 17:30:00,LONG,27379.16716431657,27138.2428259752,27780.707728218844,4.234838,2021-09-14 19:00:00,27379.16716431657,0.0,BE
2021-09-14 19:30:00,LONG,27134.041724468272,26916.198863218768,27497.113159884113,4.683539,2021-09-14 20:15:00,27228.468434334278,442.2511782991224,TSL
2021-09-20 03:00:00,SHORT,26711.323670120324,26956.26504873594,26303.088039094302,4.183442,2021-09-20 03:45:00,26956.26504873594,-1024.6980508384643,SL
2021-09-22 10:15:00,LONG,28217.288254954605,28005.50340272708,28570.26300866714,4.790008,2021-09-22 11:00:00,28807.43510829523,2826.8081486764254,TSL
2021-09-23 16:00:00,LONG,29662.280381970653,29427.14677264983,30054.16973083869,4.434582,2021-09-23 16:45:00,29427.14677264983,-1042.7192714891532,SL
2021-09-25 02:45:00,SHORT,28390.637069754834,28604.82916072345,28033.650251473802,4.819468,2021-09-25 03:00:00,28604.82916072345,-1032.2919282763335,SL
2021-09-26 03:15:00,LONG,29963.272584273036,29718.867972154156,30370.613604471175,4.181464,2021-09-26 04:45:00,30062.389710252886,414.45469406820854,TSL
2021-09-26 18:15:00,LONG,30088.734423843485,29841.86914845001,30500.176549499283,4.156573,2021-09-26 19:00:00,29841.86914845001,-1026.1135383380893,SL
2021-09-29 02:15:00,SHORT,28181.03558344916,28358.59985612535,27885.095128988843,5.721041,2021-09-29 03:15:00,28062.875220839473,676.0002790648896,TSL
2021-09-29 09:45:00,SHORT,28540.5028462485,28705.251083443985,28265.922450922688,6.207122,2021-09-29 10:45:00,28705.251083443985,-1022.6124075573231,SL
2021-10-05 19:30:00,SHORT,25402.211715048245,25600.093746537255,25072.408329233225,5.116111,2021-10-05 20:15:00,25600.093746537255,-1012.3864380032747,SL
2021-10-11 04:00:00,LONG,27276.116797674287,27073.664134043465,27613.537903725657,4.950602,2021-10-11 04:15:00,27073.664134043465,-1002.2625614760742,SL
2021-10-17 10:30:00,LONG,25823.656016602567,25620.00087402272,26163.081254235643,4.872157,2021-10-17 11:15:00,25897.05468240157,357.60982336327123,TSL
2021-10-30 19:45:00,LONG,27247.647640271374,27025.788322745913,27617.413169480475,4.488502,2021-10-30 21:00:00,27335.436877463886,394.0421667170636,TSL
2021-11-01 11:45:00,SHORT,26732.27763590806,26901.58232125892,26450.10316032329,5.905072,2021-11-01 12:15:00,26901.58232125892,-999.7563569341758,SL
2021-11-02 04:00:00,SHORT,25840.36527795128,26036.550363045095,25513.390136128255,5.045026,2021-11-02 04:30:00,25840.36527795128,0.0,BE
2021-11-02 14:00:00,SHORT,25795.205621325378,25979.800970710443,25487.546705683602,5.361775,2021-11-02 15:30:00,25709.420500717173,459.96051504905853,TSL
2021-11-03 10:30:00,LONG,26086.722004151336,25853.033362098322,26476.203074239693,4.255057,2021-11-03 13:30:00,25853.033362098322,-994.3584921881699,SL
2021-11-04 22:15:00,SHORT,25332.673290128852,25524.761915361836,25012.52558140721,5.124795,2021-11-05 00:00:00,25164.050373513328,864.1578799566565,TSL
2021-11-05 13:30:00,LONG,25807.815555456265,25575.38058045211,26195.207180463192,4.272405,2021-11-05 16:45:00,25575.38058045211,-993.0563493826255,SL
2021-11-10 02:00:00,LONG,25727.83762031988,25535.650369781906,26048.149704549833,5.115458,2021-11-10 03:15:00,25793.51301948063,335.9597460400576,TSL
2021-11-12 02:45:00,LONG,27955.613822500512,27691.531921292106,28395.750324514527,3.735528,2021-11-12 03:45:00,28207.228767178756,939.9146710640306,TSL
2021-11-13 17:15:00,LONG,29278.331036769745,29068.810505183636,29627.53192274659,4.75316,2021-11-13 17:30:00,29398.405980484233,570.7354194659546,TSL
2021-11-16 15:00:00,LONG,34624.759351293076,34353.87825156804,35076.2278508348,3.697534,2021-11-16 15:30:00,34624.759351293076,0.0,BE
2021-11-16 15:30:00,LONG,34489.535076109256,34190.61439023478,34987.736219233375,3.350695,2021-11-16 18:00:00,34489.535076109256,0.0,BE
2021-11-16 19:00:00,LONG,34252.073847119216,33992.722244538665,34684.326518086804,3.861908,2021-11-16 20:15:00,33992.722244538665,-1001.592028818651,SL
2021-11-16 23:45:00,LONG,33427.06120819259,33176.236686538454,33845.10207761614,3.953266,2021-11-17 00:15:00,33796.946935195905,1462.2566684475014,TSL
2021-11-17 01:15:00,LONG,33338.290592831516,33043.365532640826,33829.832359816006,3.411709,2021-11-17 02:00:00,33043.365532640826,-1006.1984821781177,SL
2021-11-18 01:15:00,LONG,35155.96670142229,34882.05140199463,35612.49220046838,3.636659,2021-11-18 02:30:00,34882.05140199463,-996.1365389012916,SL
2021-11-22 07:15:00,LONG,38526.64309806495,38277.8997626123,38941.215323819364,3.96463,2021-11-22 08:30:00,38775.97155635655,988.4950855966058,TSL
2021-11-22 10:15:00,LONG,38001.07302023575,37699.607118227184,38503.51619025003,3.304056,2021-11-22 11:45:00,38491.721925854035,1621.1314605015236,TSL
2021-11-22 16:30:00,LONG,37708.31412248114,37426.40838183914,38178.15702355115,3.590816,2021-11-22 18:30:00,37426.40838183914,-1012.2716439891559,SL
2021-11-25 11:45:00,LONG,38373.56389743361,38061.489191570996,38893.68840720463,3.211246,2021-11-25 13:00:00,38061.489191570996,-1002.1486509024983,SL
2021-12-03 05:45:00,SHORT,34933.17444428394,35185.42245595917,34512.7610914919,3.933142,2021-12-03 06:30:00,34839.12451786918,369.9117156787956,TSL
2021-12-06 21:45:00,LONG,36337.20523903797,36066.99392814627,36787.55742385746,3.685362,2021-12-06 23:15:00,36337.20523903797,0.0,BE
2021-12-07 08:30:00,LONG,36488.80408206478,36193.216389593625,36981.45023618337,3.368971,2021-12-07 09:15:00,36193.216389593625,-995.8263638922416,SL
2021-12-09 19:15:00,SHORT,33842.669131109134,34096.205694976066,33420.10819133092,3.888465,2021-12-09 19:30:00,34096.205694976066,-985.868054816829,SL
2021-12-11 08:30:00,LONG,34965.780646131185,34721.954580140016,35372.15742278313,4.002892,2021-12-11 09:15:00,34721.954580140016,-976.0094089475202,SL
2021-12-16 09:15:00,LONG,33398.28781676404,33122.0035076805,33858.7616652366,3.497301,2021-12-16 11:00:00,33398.28781676404,0.0,BE
2021-12-26 02:30:00,LONG,40169.05116958512,39902.734250726615,40612.91270101595,3.628194,2021-12-26 04:45:00,39902.734250726615,-966.2494471009023,SL
2021-12-31 05:00:00,SHORT,40548.50337888291,40837.599125738,40066.677134124424,3.308893,2021-12-31 06:00:00,40837.599125738,-956.586893098584,SL
2022-01-01 14:15:00,LONG,44790.97992427158,44458.56424807744,45345.006051261815,2.848906,2022-01-01 15:00:00,44790.97992427158,0.0,BE
2022-01-01 20:00:00,LONG,44239.75947313585,43920.641843360965,44771.62218942732,2.967624,2022-01-01 21:15:00,43920.641843360965,-947.0211369430559,SL
2022-01-03 04:30:00,SHORT,41582.96224676399,41929.38674881845,41005.58807667324,2.706364,2022-01-03 05:00:00,41582.96224676399,0.0,BE
2022-01-03 05:15:00,SHORT,41777.69901704272,42154.554402538764,41149.60670788266,2.487826,2022-01-03 06:00:00,41628.05393900535,372.2909159133998,TSL
2022-01-04 04:00:00,SHORT,40654.631213772285,41019.34704022121,40046.77150302408,2.580841,2022-01-04 05:30:00,40654.631213772285,0.0,BE
2022-01-04 06:15:00,SHORT,41068.45334638761,41412.300754735224,40495.37433247491,2.737475,2022-01-04 07:30:00,40564.68525615594,1379.052552806925,TSL
2022-01-08 00:30:00,SHORT,41632.11498388897,41937.50783300034,41123.12690203668,3.12733,2022-01-08 02:00:00,41937.50783300034,-955.0642188114585,SL
2022-01-12 16:15:00,LONG,42133.61273358672,41811.08584725788,42671.157544134796,2.931581,2022-01-12 16:45:00,41811.08584725788,-945.5136919507984,SL
2022-01-24 00:00:00,SHORT,32445.93259313195,32716.26592370586,31995.37704217543,3.462608,2022-01-24 00:45:00,32315.80767607828,450.5715787893815,TSL
2022-01-28 20:45:00,SHORT,29596.021713828275,29835.201646805705,29197.388492199225,3.932454,2022-01-28 22:00:00,29360.218814806456,927.2840534699483,TSL
2022-01-29 09:15:00,SHORT,28922.926168848233,29138.374349771904,28563.84586730878,4.408657,2022-01-29 10:45:00,28724.139108774063,876.3839639054095,TSL
2022-01-30 12:00:00,SHORT,27278.0282779406,27509.243421504852,26892.669705333516,4.145926,2022-01-30 13:15:00,27142.782089762637,560.7206879679121,TSL
2022-02-06 02:15:00,SHORT,25544.301184262462,25717.980442029893,25254.835754650077,5.551659,2022-02-06 04:15:00,25717.980442029893,-964.2080144978805,SL
2022-02-06 18:45:00,LONG,26167.05184838197,25963.382370240764,26506.50097861731,4.686839,2022-02-06 19:00:00,25963.382370240764,-954.5660532618439,SL
2022-02-08 05:45:00,LONG,27404.771213039865,27197.233151161396,27750.667982837313,4.55348,2022-02-08 07:30:00,27496.42259935693,417.3327545670327,TSL
2022-02-09 08:30:00,LONG,29457.984303168545,29187.153965346282,29909.368199538985,3.504754,2022-02-09 10:30:00,29659.846842020084,707.4785404900878,TSL
2022-02-18 11:00:00,LONG,30604.380431200487,30364.680081679373,31003.881013735678,3.989433,2022-02-18 11:30:00,30364.680081679373,-956.2684844910657,SL
2022-02-24 04:15:00,SHORT,27658.321566951123,27874.488748794407,27298.04293054565,4.379507,2022-02-24 05:30:00,27658.321566951123,0.0,BE
2022-02-26 12:15:00,SHORT,24122.420344021513,24329.346496722497,23777.543422853207,4.57509,2022-02-26 14:45:00,24001.206235841237,554.5654541945014,TSL
2022-03-09 11:00:00,SHORT,25982.338218282202,26163.9676663279,25679.622471539373,5.242825,2022-03-09 12:00:00,25982.338218282202,0.0,BE
2022-03-09 12:00:00,SHORT,26024.12603356616,26221.221797018057,25695.63309447967,4.831415,2022-03-09 14:00:00,25912.979537866828,536.9948465191937,TSL
2022-03-18 08:00:00,SHORT,28211.433099006063,28413.510375554524,27874.63763809196,4.738887,2022-03-18 09:00:00,27970.142036449917,1143.451079563504,TSL
2022-03-21 03:45:00,LONG,26523.11655956355,26300.036197374233,26894.917163212413,4.343977,2022-03-21 04:30:00,26300.036197374233,-969.0559625020643,SL
2022-04-07 13:30:00,SHORT,25712.105335117092,25893.36238252273,25410.010256107696,5.292844,2022-04-07 14:30:00,25323.876753244935,2054.8333201905575,TSL
2022-04-12 11:45:00,SHORT,23731.274060304015,23897.617365550348,23454.035218226792,5.890911,2022-04-12 14:00:00,23191.294569634152,3180.971121361491,TSL
2022-04-13 15:45:00,SHORT,22369.494213329683,22523.352833820132,22113.06317917893,6.575669,2022-04-13 16:15:00,22523.352833820132,-1011.7233611418139,SL
2022-04-14 03:45:00,SHORT,22157.863976939625,22326.306021597284,21877.127235843524,5.946295,2022-04-14 04:45:00,22326.306021597284,-1001.6060879376126,SL
2022-04-17 09:15:00,SHORT,19894.948304462076,20032.10702131407,19666.35044304208,7.229508,2022-04-17 09:45:00,19824.31724114363,510.6278373091969,TSL
2022-04-26 23:15:00,SHORT,17192.53990677313,17317.677952320042,16983.976497528278,7.964775,2022-04-26 23:45:00,17317.677952320042,-996.6963767209029,SL
2022-04-28 14:30:00,SHORT,16739.927894986973,16879.4788897259,16507.34290375543,7.070744,2022-04-28 15:15:00,16691.204197691506,344.51279030973944,TSL
2022-05-01 18:15:00,SHORT,15315.221997384771,15405.347408966221,15165.012978082355,10.98663,2022-05-01 18:30:00,15405.347408966221,-990.1745506431055,SL
2022-05-06 10:45:00,LONG,16671.354324750482,16527.60946048283,16910.929098529905,6.819532,2022-05-06 13:00:00,16894.22341325278,1519.862880852259,TSL
2022-05-06 16:30:00,LONG,16587.22444175285,16447.40450652304,16820.257667135866,7.119667,2022-05-06 18:45:00,16942.401352719924,2528.7413321742215,TSL
2022-05-10 14:00:00,SHORT,14815.823487082382,14941.542172477895,14606.292344756524,8.119388,2022-05-10 17:15:00,14941.542172477895,-1020.7587855761085,SL
2022-05-12 13:15:00,SHORT,14341.645732038703,14454.701585458713,14153.219309672022,8.938513,2022-05-12 14:45:00,14273.044830284185,613.1900521444857,TSL
2022-05-18 02:00:00,SHORT,12883.495459616755,12974.449539435349,12731.905326585767,11.177983,2022-05-18 02:15:00,12883.495459616755,0.0,BE
2022-05-18 02:15:00,SHORT,12863.819956889061,12956.835392691031,12708.794230552445,10.930262,2022-05-18 03:45:00,12772.8452116073,994.3778013129115,TSL
2022-05-22 22:30:00,SHORT,12942.176239709579,13023.916211871585,12805.942952772903,12.559668,2022-05-22 23:00:00,12942.176239709579,0.0,BE
2022-05-22 23:00:00,SHORT,12983.126188371745,13068.211127903305,12841.317955819146,12.065906,2022-05-23 00:15:00,13068.211127903305,-1026.6268824034862,SL
2022-05-26 03:15:00,SHORT,12743.57713349364,12822.087333489673,12612.726800166916,12.945587,2022-05-26 04:15:00,12556.388499287532,2423.2667495263463,TSL
2022-05-26 13:15:00,SHORT,12504.02492299435,12591.81783408924,12357.703404502865,11.852817,2022-05-26 13:45:00,12469.323339295117,411.31152119718337,TSL
2022-05-26 14:30:00,SHORT,12581.192005294926,12677.407273678251,12420.833224656051,10.858011,2022-05-26 16:00:00,12496.275160256822,922.0280375090279,TSL
2022-05-29 10:00:00,LONG,13374.348041589581,13273.263844339874,13542.821703672425,10.426226,2022-05-29 11:15:00,13438.643423876125,670.3581864759027,TSL
2022-05-29 19:15:00,LONG,13200.555634843644,13105.452659244538,13359.060594175486,11.15244,2022-05-29 20:15:00,13265.790664230752,727.5297511379556,TSL
2022-06-01 02:45:00,LONG,13247.383025234541,13146.943276556174,13414.782606365154,10.6323,2022-06-01 04:45:00,13313.213084093135,699.9249348022234,TSL
2022-06-03 15:30:00,SHORT,13094.336811394642,13176.74164599631,12956.99542039186,13.044196,2022-06-03 16:00:00,13176.74164599631,-1074.904813891739,SL
2022-06-09 14:30:00,SHORT,11841.965300006259,11942.7314366585,11674.021738919193,10.560649,2022-06-09 15:15:00,11801.329686836078,429.13844759006287,TSL
2022-06-10 08:15:00,LONG,12114.581943469933,12007.004955128794,12293.876924038499,9.93193,2022-06-10 09:30:00,12007.004955128794,-1068.447117815013,SL
2022-06-12 10:45:00,LONG,13814.547661431645,13708.354124894815,13991.536888993029,9.960707,2022-06-12 12:30:00,13945.393868263463,1303.3207283131428,TSL
2022-06-12 23:30:00,LONG,13913.440353252527,13783.225884491996,14130.464467853411,8.223325,2022-06-13 00:45:00,13913.440353252527,0.0,BE
2022-06-13 02:45:00,LONG,13724.091371126973,13616.72113383378,13903.041766615628,9.97293,2022-06-13 04:15:00,13616.72113383378,-1070.795860608403,SL
2022-06-15 06:45:00,LONG,13442.614062619683,13350.406690032978,13596.293016930858,11.496781,2022-06-15 07:30:00,13350.406690032978,-1060.0879692147496,SL
2022-06-18 12:15:00,LONG,13577.271798380074,13473.910625567602,13749.540419734194,10.153591,2022-06-18 14:30:00,13473.910625567602,-1049.4870740181648,SL
2022-06-19 09:15:00,SHORT,13267.025291133721,13364.880644199908,13103.933036023409,10.617633,2022-06-19 09:30:00,13364.880644199908,-1038.9922259421937,SL
2022-06-22 01:15:00,LONG,13683.95065018958,13580.288901658801,13856.72023107421,9.922679,2022-06-22 01:45:00,13683.95065018958,0.0,BE
2022-06-23 11:45:00,LONG,13748.026940237216,13644.639361382557,13920.339571661647,9.948993,2022-06-23 12:15:00,13644.639361382557,-1028.6022983119533,SL
2022-06-25 16:30:00,LONG,13972.145110687577,13871.576499557339,14139.75946257131,10.125587,2022-06-25 17:00:00,13871.576499557339,-1018.3162214683974,SL
2022-06-27 19:45:00,SHORT,13538.91366201686,13651.762365642378,13350.83248930766,8.933493,2022-06-27 20:15:00,13651.762365642378,-1008.1331038976504,SL
2022-06-30 11:30:00,LONG,13464.177666899537,13387.590451800519,13591.823025397898,13.031571,2022-06-30 12:00:00,13387.590451800519,-998.0517312551259,SL
2022-06-30 13:00:00,LONG,13309.891972672373,13223.143929820772,13454.472044091708,11.390127,2022-06-30 14:30:00,13223.143929820772,-988.0712250811773,SL
2022-07-03 03:15:00,LONG,13606.751636948768,13497.525189681286,13788.795715727903,8.95562,2022-07-03 04:45:00,13497.525189681286,-978.1905556776026,SL
2022-07-04 00:45:00,LONG,14221.915716157979,14102.972262088262,14420.154806274173,8.141756,2022-07-04 01:00:00,14102.972262088262,-968.4085808328397,SL
2022-07-10 16:15:00,LONG,13918.280207604275,13804.731466147423,14107.528110032363,8.443286,2022-07-10 18:30:00,13918.280207604275,0.0,BE
2022-07-16 23:00:00,LONG,12822.378227040688,12721.687233102375,12990.196550271212,9.521453,2022-07-17 01:15:00,12721.687233102375,-958.7245663069332,SL
2022-07-18 04:15:00,LONG,13222.273849415375,13118.05393459619,13395.973707447349,9.107062,2022-07-18 06:30:00,13118.05393459619,-949.1372258930353,SL
2022-07-19 14:00:00,LONG,13425.579490324884,13334.39328763767,13577.556494803575,10.304694,2022-07-19 14:45:00,13479.16279457383,552.1595537942763,TSL
2022-07-22 11:30:00,LONG,14229.215797476076,14122.618393213923,14406.878137912998,8.866703,2022-07-22 11:45:00,14268.35257201529,347.01415621717643,TSL
2022-07-27 04:30:00,SHORT,16179.24800318908,16287.02724885827,15999.61592707376,8.801673,2022-07-27 06:15:00,16179.24800318908,0.0,BE
2022-07-28 08:45:00,SHORT,16125.951633870613,16266.82525995034,15891.162257071068,6.733962,2022-07-28 09:45:00,16266.82525995034,-948.6376448230893,SL
2022-08-04 16:30:00,SHORT,16447.86406225435,16562.751827771892,16256.384453058445,8.174511,2022-08-04 18:00:00,16364.385691448324,682.3948604159373,TSL
2022-08-05 15:15:00,LONG,16694.627066941102,16542.122926163465,16948.80063490383,6.202948,2022-08-05 16:30:00,16841.95302533782,913.8552589850127,TSL
2022-08-07 15:15:00,LONG,16942.797722895823,16810.866023369832,17162.683888772473,7.239456,2022-08-07 16:15:00,16810.866023369832,-955.1137337236294,SL
2022-08-09 06:00:00,LONG,17168.859343505734,17036.78224085309,17388.98784792681,7.159171,2022-08-09 07:30:00,17036.78224085309,-945.562563074842,SL
2022-08-11 10:15:00,LONG,17509.08652088182,17351.8548690095,17771.13927400236,5.95368,2022-08-11 11:00:00,17736.214342533378,1352.2463692104395,TSL
2022-08-13 03:15:00,LONG,18716.088703830625,18576.275805477224,18949.110201086292,6.792145,2022-08-13 07:00:00,19071.41668236233,2413.4391527442363,TSL
2022-08-14 04:15:00,SHORT,18445.433063955472,18585.81846542034,18211.45739484736,6.936361,2022-08-14 06:45:00,18585.81846542034,-973.7638236902516,SL
2022-08-16 10:45:00,LONG,20060.717390747137,19887.149196476625,20349.997714531328,5.554164,2022-08-16 11:45:00,19887.149196476625,-964.0262161622858,SL
2022-08-16 15:30:00,LONG,19753.838072009014,19603.149810964183,20004.9851737504,6.333512,2022-08-16 16:15:00,19753.838072009014,0.0,BE
2022-08-19 11:45:00,SHORT,18555.40720571344,18699.378898634408,18315.454384178494,6.628983,2022-08-19 13:15:00,18699.378898634408,-954.3859048543176,SL
2022-08-23 18:45:00,SHORT,18091.324179189545,18233.700673334766,17854.030022280844,6.636223,2022-08-23 19:30:00,18091.324179189545,0.0,BE
2022-08-29 01:45:00,LONG,19028.716426449548,18889.265320761035,19261.134935930404,6.775436,2022-08-29 03:30:00,19081.280607518893,356.14524472775906,TSL
2022-08-31 23:15:00,SHORT,17933.85671707508,18061.28339928842,17721.478913386178,7.442739,2022-09-01 00:15:00,18061.28339928842,-948.4035373498284,SL
2022-09-12 00:15:00,SHORT,17246.281966964012,17365.240971029678,17048.016960187902,7.892799,2022-09-12 03:00:00,17127.95404612177,933.9384952957328,TSL
2022-09-14 12:15:00,LONG,17923.894622836422,17808.73976099193,18115.81939257724,8.234641,2022-09-14 14:30:00,17998.926770794067,617.8628018900903,TSL
2022-09-16 07:45:00,LONG,18634.701943639047,18493.85724132223,18869.443114167076,6.776524,2022-09-16 08:00:00,18634.701943639047,0.0,BE
2022-09-16 08:00:00,LONG,18668.637434924913,18529.546597126962,18900.4554979215,6.861973,2022-09-16 09:30:00,18529.546597126962,-954.4375735169149,SL
2022-09-18 09:30:00,LONG,19140.526597684173,19012.157530475346,19354.475043032216,7.360754,2022-09-18 11:45:00,19200.830993487005,443.8858226232789,TSL
2022-09-20 01:15:00,LONG,20110.398377441354,19930.340375530188,20410.495047293298,5.272368,2022-09-20 05:00:00,20568.140746692618,2413.3862198845477,TSL
2022-09-21 07:00:00,LONG,21107.36478689797,20923.788674776493,21413.3249737671,5.302792,2022-09-21 09:00:00,20923.788674776493,-973.4659387488778,SL
2022-10-01 05:45:00,LONG,25320.689459183868,25177.105929024045,25559.995342783575,6.71199,2022-10-01 06:45:00,25320.689459183868,0.0,BE
2022-10-01 07:00:00,LONG,25104.527566529545,24947.62185508766,25366.037085599357,6.142104,2022-10-01 08:45:00,25161.574742959416,350.3896905386157,TSL
2022-10-01 14:30:00,LONG,24813.108105177515,24652.636574515895,25080.560656280217,6.027456,2022-10-01 15:30:00,24898.985233540116,517.62061261193,TSL
2022-10-02 03:00:00,SHORT,24644.902321990725,24818.19811171765,24356.07600577918,5.611281,2022-10-02 03:45:00,24484.051568961848,902.5787743066304,TSL
2022-10-03 07:15:00,SHORT,23747.083311995764,23942.8494299257,23420.806448779203,5.013314,2022-10-03 08:45:00,23608.504573990635,694.7387273434489,TSL
2022-10-09 05:15:00,SHORT,22814.990132447605,22962.3715456744,22569.35444373628,6.706304,2022-10-09 06:00:00,22962.3715456744,-988.3845610485042,SL
2022-10-10 12:15:00,SHORT,20892.95486418346,21046.296423709788,20637.385598306246,6.381184,2022-10-10 13:45:00,21046.296423709788,-978.5007061844559,SL
2022-10-17 02:15:00,LONG,27280.80816769615,27045.277872911913,27673.358659003206,4.112913,2022-10-17 04:45:00,27673.394616574904,1614.6739092172693,TSL
2022-10-18 03:30:00,LONG,28901.919501940814,28683.036142834182,29266.725100451866,4.499485,2022-10-18 03:45:00,28683.036142834182,-984.8623910499053,SL
2022-10-18 07:30:00,LONG,28489.4026232719,28267.909656348664,28858.557568143962,4.402008,2022-10-18 08:15:00,28267.909656348664,-975.0138123398245,SL
2022-10-20 02:30:00,LONG,30828.383426158794,30563.37961277905,31270.05644845837,3.642452,2022-10-20 04:30:00,31013.295840246385,673.5345925181709,TSL
2022-10-26 12:00:00,SHORT,28331.436645860613,28561.484677213215,27948.023260272945,4.2252,2022-10-26 12:30:00,28561.484677213215,-971.9989420710151,SL
2022-11-01 00:30:00,LONG,31414.88793073204,31185.712079068227,31796.847683505053,4.198867,2022-11-01 01:00:00,31580.48208706318,695.3078384116757,TSL
2022-11-05 01:45:00,LONG,31665.703424300886,31432.302285412617,32054.705322448004,4.152645,2022-11-05 03:30:00,32122.326329792762,1896.1928253763144,TSL
2022-11-06 09:30:00,LONG,32836.941582590836,32578.630605725604,33267.45987736622,3.825598,2022-11-06 11:45:00,33099.511361521,1004.4864211356737,TSL
2022-11-09 20:30:00,SHORT,32043.585754832584,32260.695772495856,31681.735725393803,4.597848,2022-11-09 21:15:00,31831.927313737924,973.1733400701993,TSL
2022-11-16 02:45:00,SHORT,26621.717351691008,26806.77363122475,26313.290219134768,5.446833,2022-11-16 03:45:00,26513.299500653688,590.5339288191608,TSL
2022-11-28 06:00:00,SHORT,20285.89981687858,20402.782825377406,20091.094802713866,8.67428,2022-11-28 06:45:00,20402.782825377406,-1013.8759429611946,SL
2022-11-28 14:45:00,SHORT,20710.22521854276,20863.910583467314,20454.0829436685,6.531117,2022-11-28 15:45:00,20863.910583467314,-1003.7370995099527,SL
2022-12-01 02:45:00,SHORT,20681.245261105774,20840.977198264605,20415.025365841055,6.221046,2022-12-01 03:15:00,20840.977198264605,-993.6997287341969,SL
2022-12-01 07:45:00,SHORT,20963.940359125278,21094.56086595463,20746.239514409688,7.531457,2022-12-01 08:45:00,20874.463079120207,673.8942868351483,TSL
2022-12-03 11:00:00,LONG,22024.47765633381,21876.322144343787,22271.40350965051,6.685554,2022-12-03 12:00:00,22123.266860208583,660.4605571218115,TSL
2022-12-04 00:30:00,LONG,22202.7847563206,22012.48398379441,22519.952710530924,5.239634,2022-12-04 00:45:00,22012.48398379441,-997.106397954503,SL
2022-12-04 09:45:00,SHORT,21825.163552858015,22003.816572311145,21527.408520436133,5.525433,2022-12-04 11:00:00,22003.816572311145,-987.1352892359646,SL
2022-12-09 16:15:00,SHORT,19434.68099114315,19569.463724343273,19210.04310247627,7.250661,2022-12-09 17:30:00,19434.68099114315,0.0,BE
2022-12-13 08:30:00,LONG,20098.90476751606,19963.4370805207,20324.684245841654,7.214,2022-12-13 09:00:00,19963.4370805207,-977.2638939845143,SL
2022-12-14 22:15:00,LONG,20518.574423677106,20353.85786259693,20793.102025477398,5.873673,2022-12-14 22:45:00,20353.85786259693,-967.491217469474,SL
2022-12-17 06:45:00,LONG,21655.39797210888,21469.688176012754,21964.914298935753,5.157597,2022-12-17 08:15:00,21469.688176012754,-957.8162872159886,SL
2022-12-22 01:30:00,LONG,22877.928568901578,22720.38853014911,23140.49530015569,6.01903,2022-12-22 02:00:00,22720.38853014911,-948.2382194522663,SL
2022-12-29 09:00:00,SHORT,22637.97045146188,22815.500975435632,22342.086244838956,5.287856,2022-12-29 10:15:00,22499.850098205978,730.3605386863363,TSL
2022-12-29 23:00:00,SHORT,22372.625536698917,22550.54070353058,22076.100258646147,5.317475,2022-12-30 00:15:00,22297.862586600393,397.550118075149,TSL
2023-01-04 06:00:00,SHORT,20789.672374072758,20982.401756980023,20468.45673589398,4.929373,2023-01-04 06:15:00,20982.401756980023,-950.0350164097384,SL
2023-01-04 07:30:00,SHORT,21126.31977286122,21323.48117238931,20797.717440314405,4.770379,2023-01-04 09:15:00,21323.48117238931,-940.5345999194083,SL
2023-01-06 09:15:00,LONG,22684.543399039154,22484.56608285263,23017.838926016695,4.656174,2023-01-06 10:45:00,22484.56608285263,-931.1291802174686,SL
2023-01-07 11:30:00,SHORT,21936.956078657993,22076.7631360234,21703.944316382316,6.593501,2023-01-07 11:45:00,22076.7631360234,-921.8179725458729,SL
2023-01-10 06:00:00,SHORT,19797.35140091174,19933.095672676267,19571.11094797086,6.722934,2023-01-10 07:15:00,19740.81913613849,380.06268494108514,TSL
2023-01-10 08:30:00,SHORT,20076.040150009514,20231.912875593298,19816.25227403654,5.879158,2023-01-10 09:00:00,20076.040150009514,0.0,BE
2023-01-10 10:00:00,SHORT,20388.258592176866,20568.164762404213,20088.414975131287,5.093769,2023-01-10 12:30:00,20316.594424837996,365.04071400154567,TSL
2023-01-16 04:15:00,LONG,20348.03689495226,20216.556458308107,20567.17095602585,6.997625,2023-01-16 04:45:00,20216.556458308107,-920.0507904720417,SL
2023-01-16 11:15:00,LONG,19886.548807655745,19747.095914421625,20118.97029637928,6.531598,2023-01-16 12:45:00,20087.476424952667,1312.3784232813418,TSL
2023-01-26 22:00:00,SHORT,21863.725061026198,22056.199275866704,21542.93470295869,4.800508,2023-01-26 22:45:00,22056.199275866704,-923.9740081355665,SL
2023-01-29 12:15:00,LONG,21582.75523581311,21409.993071872483,21870.69217571416,5.294761,2023-01-29 14:30:00,22114.241372734356,2814.0920698112677,TSL
2023-01-30 13:45:00,LONG,22079.85675206098,21917.882748240045,22349.81342509587,5.821152,2023-01-30 14:15:00,22079.85675206098,0.0,BE
2023-01-31 01:00:00,LONG,22496.48930413502,22301.461606045308,22821.535467617872,4.834571,2023-01-31 01:30:00,22496.48930413502,0.0,BE
2023-02-01 00:45:00,LONG,24224.12180120981,24046.463013146495,24520.219781315336,5.307226,2023-02-01 01:15:00,24224.12180120981,0.0,BE
2023-02-01 01:30:00,LONG,24058.832368613716,23882.258884052004,24353.121509549906,5.339846,2023-02-01 02:30:00,24158.95824058075,534.6567369196741,TSL
2023-02-02 13:15:00,LONG,25487.387415953555,25288.85377945112,25818.27681012428,4.776127,2023-02-02 14:45:00,25754.94858807048,1277.9061382992982,TSL
2023-02-03 13:00:00,SHORT,24947.37267504829,25153.97503846786,24603.03540268234,4.651452,2023-02-03 14:30:00,24684.452927328835,1222.958586369149,TSL
2023-02-04 01:30:00,SHORT,24501.628792942392,24715.892988020205,24144.521801146035,4.542198,2023-02-04 03:30:00,24381.892549660344,543.865724763233,TSL
2023-02-04 13:45:00,SHORT,24053.054409836033,24271.931714281436,23688.258902427027,4.471314,2023-02-04 15:00:00,24271.931714281436,-978.6691556489918,SL
2023-02-07 01:30:00,SHORT,23468.328996030148,23640.62272547728,23181.172780284927,5.623434,2023-02-07 02:00:00,23640.62272547728,-968.8824161597937,SL
2023-02-08 04:45:00,SHORT,22386.17480414017,22550.273476180722,22112.677017405917,5.845225,2023-02-08 05:45:00,22550.273476180722,-959.1936602782392,SL
2023-02-09 01:00:00,LONG,22972.706906443596,22788.05511534413,23280.45989160937,5.142662,2023-02-09 02:45:00,23145.62198225183,889.2437895861158,TSL
2023-02-12 01:15:00,LONG,25891.405354868974,25685.60283204246,26234.409559579828,4.657349,2023-02-12 02:45:00,25685.60283204246,-958.494173883543,SL
2023-02-13 10:15:00,LONG,26099.651464227347,25896.30783912667,26438.557506061803,4.66653,2023-02-13 11:30:00,25896.30783912667,-948.9091268410534,SL
2023-02-19 11:00:00,LONG,28229.58822564772,28000.930976130276,28610.683641510128,4.10842,2023-02-19 11:45:00,28000.930976130276,-939.4200170624578,SL
2023-02-21 17:15:00,LONG,30020.781031326063,29775.8435607985,30429.010148872,3.796993,2023-02-21 18:00:00,29775.8435607985,-930.0258610308603,SL
2023-02-22 16:00:00,SHORT,29434.649850946753,29673.891116079933,29035.914409058118,3.848523,2023-02-22 17:45:00,29265.847577333185,649.63943245411,TSL
2023-02-26 18:15:00,SHORT,29043.137118734474,29268.969116700533,28666.75045545771,4.105804,2023-02-26 18:30:00,29268.969116700533,-927.2219205770375,SL
2023-02-28 02:15:00,SHORT,28069.90610705784,28276.065439442686,27726.30721974976,4.452623,2023-02-28 03:30:00,28069.90610705784,0.0,BE
2023-03-03 02:00:00,LONG,29662.863307979824,29416.418771106506,30073.60420276869,3.724772,2023-03-03 04:15:00,29662.863307979824,0.0,BE
2023-03-04 00:15:00,SHORT,28991.73405062591,29220.268861607958,28610.842698989163,4.016674,2023-03-04 00:45:00,29220.268861607958,-917.9498333665064,SL
2023-03-04 08:45:00,SHORT,28847.06422447347,29060.64265547167,28491.1001728098,4.254972,2023-03-04 10:15:00,29060.64265547167,-908.7702437012771,SL
2023-03-08 18:45:00,LONG,29700.235137653955,29447.12403863042,30122.08696935985,3.554497,2023-03-08 20:00:00,29700.235137653955,0.0,BE
2023-03-08 22:45:00,LONG,29408.943434915378,29192.08123334623,29770.380437530628,4.148637,2023-03-08 23:30:00,29693.809112881223,1181.8042916391892,TSL
2023-03-09 01:30:00,LONG,29376.227239279484,29137.920206681527,29773.405626942746,3.8249,2023-03-09 02:30:00,29688.438445250147,1194.17664171719,TSL
2023-03-12 01:30:00,LONG,33465.10911633796,33214.07532797815,33883.49876360431,3.678558,2023-03-12 03:15:00,33214.07532797815,-923.4423504412907,SL
2023-03-14 01:30:00,SHORT,31350.763661353933,31576.286120006218,30974.89289693346,4.053734,2023-03-14 02:30:00,31252.853404640297,396.90213658879475,TSL
2023-03-14 05:15:00,SHORT,31533.993433494274,31782.836658533233,31119.25472509601,3.689781,2023-03-14 06:45:00,31782.836658533233,-918.1770037274775,SL
2023-03-17 03:15:00,SHORT,32196.208671544948,32428.05248586498,31809.802314344888,3.920722,2023-03-17 05:15:00,32428.05248586498,-908.9951433684678,SL
2023-03-18 01:30:00,LONG,33721.46908758668,33486.072315596386,34113.79704090383,3.82293,2023-03-18 01:45:00,33721.46908758668,0.0,BE
2023-03-18 06:30:00,LONG,33378.264541294186,33185.756685041815,33699.11096838147,4.674642,2023-03-18 07:45:00,33185.756685041815,-899.9053101672934,SL
2023-03-22 09:15:00,LONG,35442.27525590889,35210.1517807409,35829.1477145222,3.83807,2023-03-22 09:30:00,35210.1517807409,-890.9061463379983,SL
2023-03-26 09:45:00,LONG,36272.70877516278,35929.62945563597,36844.507641040786,2.570826,2023-03-26 13:00:00,37285.55542650797,2603.8525052911573,TSL
2023-03-27 07:00:00,LONG,38907.025568707155,38634.76454957662,39360.79393392471,3.335166,2023-03-27 07:30:00,39095.01048355642,626.9608965181634,TSL
2023-04-04 11:15:00,SHORT,41065.65876836909,41407.702313153364,40495.586193728624,2.673067,2023-04-04 13:30:00,40536.57877529869,1414.2662698367192,TSL
2023-04-06 14:15:00,SHORT,34473.966765957615,34743.091879416665,34025.42491019254,3.449875,2023-04-06 15:30:00,34743.091879416665,-928.4480007945377,SL
2023-04-06 16:30:00,SHORT,35046.221935185175,35392.440349227676,34469.191245114336,2.654866,2023-04-06 20:45:00,34209.49292104874,2221.4034108443425,TSL
2023-04-15 20:45:00,SHORT,34882.077707182,35184.59174103446,34377.88765076123,3.111847,2023-04-15 22:15:00,35184.59174103446,-941.3773887016923,SL
2023-04-21 04:30:00,LONG,35151.271995877265,34882.764778859455,35598.78402424028,3.470908,2023-04-21 05:00:00,34882.764778859455,-931.9638476048531,SL
2023-04-26 15:15:00,SHORT,33194.976355801926,33489.50669711752,32704.092453609264,3.132594,2023-04-26 17:45:00,32838.111560040415,1117.9125180137328,TSL
2023-04-27 05:00:00,SHORT,32490.272723043083,32741.91541557808,32070.86823548475,3.710909,2023-04-27 05:30:00,32741.91541557808,-933.8231325123598,SL
2023-04-28 15:45:00,LONG,34319.383273885825,34069.620225200844,34735.655021694125,3.701448,2023-04-28 16:45:00,34644.733522125425,1204.26702564597,TSL
2023-05-01 00:15:00,SHORT,33013.17459736617,33287.1498808896,32556.54912482711,3.418293,2023-05-01 01:00:00,33287.1498808896,-936.5277938411634,SL
2023-05-02 16:30:00,SHORT,31646.20107455795,31867.063818098428,31278.09650199049,4.197912,2023-05-02 17:00:00,31646.20107455795,0.0,BE
2023-05-02 17:15:00,SHORT,31798.883564506687,32044.630992205217,31389.30451834247,3.772826,2023-05-02 18:15:00,31556.151518755403,915.7857732436311,TSL
2023-05-03 14:30:00,SHORT,31621.75875074647,31854.9308395314,31233.138602771593,4.015576,2023-05-03 15:45:00,31854.9308395314,-936.3202435946328,SL
2023-05-10 11:45:00,LONG,32511.238321961653,32255.425497773136,32937.593028942516,3.623575,2023-05-10 14:15:00,32911.13269084509,1449.047237726787,TSL
2023-05-14 05:30:00,LONG,33394.03785007624,33135.47469742056,33824.9764378357,3.641074,2023-05-14 06:00:00,33135.47469742056,-941.4475724926106,SL
2023-05-18 14:15:00,LONG,33443.89637475955,33194.322266325464,33859.853222149686,3.734494,2023-05-18 15:00:00,33194.322266325464,-932.0330105024374,SL
2023-05-20 11:30:00,LONG,34349.514744311535,34068.90254113048,34817.20174961329,3.288213,2023-05-20 14:30:00,34587.9599118309,784.0584996243476,TSL
2023-05-21 19:15:00,LONG,36543.08826491859,36264.16097682557,37007.967078406946,3.336186,2023-05-21 19:45:00,36264.16097682557,-930.5533135538827,SL
2023-05-25 02:30:00,LONG,37594.82672164029,37312.93871933352,38064.64005881824,3.268134,2023-05-25 02:45:00,37312.93871933352,-921.2477645308289,SL
2023-05-26 12:15:00,LONG,37834.309914352634,37559.969789573006,38291.54345565202,3.324469,2023-05-26 12:45:00,38017.87479213198,610.255745666227,TSL
2023-05-31 08:45:00,LONG,37921.40879096778,37639.01474791566,38392.065529387975,3.251265,2023-05-31 09:00:00,37921.40879096778,0.0,BE
2023-06-04 18:30:00,LONG,38123.6621211867,37800.594911991575,38662.10746984526,2.841941,2023-06-04 19:15:00,37800.594911991575,-918.1379475672094,SL
2023-06-16 05:30:00,LONG,37195.40112425219,36887.78632492809,37708.09245645901,2.954853,2023-06-16 06:15:00,37195.40112425219,0.0,BE
2023-06-16 07:00:00,LONG,36930.02208730645,36617.750941900405,37450.473996316534,2.910792,2023-06-16 11:30:00,37237.53109610394,895.094762735662,TSL
2023-06-26 15:30:00,SHORT,29297.97604616078,29544.75075837281,28886.68485914073,3.719617,2023-06-26 19:00:00,28917.93292453149,1413.6148559453713,TSL
2023-07-04 07:15:00,SHORT,26430.92548650397,26641.252423295165,26080.380591851972,4.431404,2023-07-04 11:15:00,26641.252423295165,-932.043629004254,SL
2023-07-04 19:45:00,SHORT,26225.058367004385,26460.12076036673,25833.287711400473,3.925439,2023-07-04 21:30:00,26460.12076036673,-922.723086337896,SL
2023-07-05 08:15:00,SHORT,26660.387298560912,26836.863867814092,26366.25968313895,5.176301,2023-07-05 09:00:00,26501.250007332965,823.7425197205162,TSL
2023-07-11 06:00:00,LONG,27165.458135951223,26979.646324547284,27475.144488291124,4.960574,2023-07-11 08:00:00,27272.332288635676,530.1571430785292,TSL
2023-07-15 04:45:00,LONG,26232.30135593699,25997.46269076995,26623.699131215395,3.947539,2023-07-15 06:15:00,25997.46269076995,-927.0347894548348,SL
2023-07-15 16:45:00,LONG,26453.26905447132,26251.635729252128,26789.324596503306,4.551651,2023-07-15 17:15:00,26251.635729252128,-917.7645263672547,SL
2023-07-15 20:00:00,LONG,26041.135818836978,25815.55902298166,26417.097145262513,4.027838,2023-07-15 20:15:00,25815.55902298166,-908.5867902642955,SL
2023-07-17 10:15:00,SHORT,25295.426519757228,25494.989071600503,24962.8222666851,4.507364,2023-07-17 11:45:00,24924.960193267652,1669.826583231358,TSL
2023-07-22 18:15:00,SHORT,24273.785544302355,24473.976004606524,23940.134777128736,4.576638,2023-07-22 18:30:00,24473.976004606524,-916.1992678655532,SL
2023-07-24 08:45:00,SHORT,23145.075798608104,23348.895842501493,22805.375725452453,4.450187,2023-07-24 09:30:00,23145.075798608104,0.0,BE
2023-07-28 08:30:00,LONG,24827.68302557987,24659.86826620764,25107.374291200253,5.404991,2023-07-28 09:30:00,24659.86826620764,-907.0372640740768,SL
2023-07-29 20:00:00,LONG,24918.411587467937,24683.969050928656,25309.14914836674,3.830222,2023-07-29 20:45:00,24683.969050928656,-897.9669611885607,SL
2023-08-02 11:15:00,LONG,26794.593074084958,26610.788507423145,27100.934018521315,4.83659,2023-08-02 12:45:00,26794.593074084958,0.0,BE
2023-08-04 07:45:00,LONG,27163.559181704124,26928.826500093866,27554.78031772122,3.787233,2023-08-04 08:15:00,26928.826500093866,-888.9873579728612,SL
2023-08-12 03:30:00,LONG,30509.69016879839,30284.757620878656,30884.577748664607,3.912717,2023-08-12 04:15:00,30284.757620878656,-880.0974040988513,SL
2023-08-22 03:45:00,SHORT,28975.156154951746,29193.619083467933,28611.05127409144,3.988303,2023-08-22 04:15:00,29193.619083467933,-871.2963531898916,SL
2023-08-22 13:00:00,LONG,29300.05016317797,29078.15779744923,29669.870772725873,3.887396,2023-08-22 15:45:00,29804.74955332639,1961.966390465408,TSL
2023-08-23 15:15:00,LONG,30786.253171124357,30533.79318068053,31207.019821864065,3.494427,2023-08-23 16:45:00,30533.79318068053,-882.2030070266459,SL
2023-08-25 12:30:00,LONG,30446.8128931085,30236.180168642084,30797.867433885865,4.146464,2023-08-25 13:45:00,30639.68148742499,799.722683063927,TSL
2023-08-30 10:00:00,LONG,31489.38273305092,31253.157489264926,31883.09147269424,3.731093,2023-08-30 11:45:00,31639.19815649929,558.9752777202491,TSL
2023-09-01 13:15:00,SHORT,29299.103980942433,29559.127712956597,28865.731094252158,3.411104,2023-09-01 16:00:00,29197.698808342368,345.903589876773,TSL
2023-09-02 05:45:00,LONG,29554.353945761606,29323.334704991088,29939.38601371247,3.854342,2023-09-02 07:00:00,29554.353945761606,0.0,BE
2023-09-03 00:00:00,LONG,30085.404906569507,29826.71272102925,30516.558549136604,3.442033,2023-09-03 01:00:00,29826.71272102925,-890.4270394716906,SL
2023-09-07 02:45:00,SHORT,29130.862083291333,29375.691383093214,28722.8132502882,3.600561,2023-09-07 03:30:00,29019.292864494902,401.7117779988946,TSL
2023-09-07 15:15:00,SHORT,28883.260192781705,29086.770209067963,28544.07683230461,4.351333,2023-09-07 16:00:00,29086.770209067963,-885.5398496969327,SL
2023-09-11 03:15:00,SHORT,25459.95611151546,25658.798977161136,25128.551335439337,4.408931,2023-09-11 03:30:00,25658.798977161136,-876.6844744740491,SL
2023-09-11 08:15:00,SHORT,26292.51652520546,26435.01738069447,26055.015099390446,6.090614,2023-09-11 08:45:00,26194.092704717696,599.4614989962722,TSL
2023-09-11 09:00:00,SHORT,26323.905375380953,26500.13722120369,26030.185632343055,4.958879,2023-09-11 11:00:00,26072.607972418,1246.1534143075169,TSL
2023-09-12 01:45:00,SHORT,25470.91472220607,25675.300297472597,25130.272096761862,4.336773,2023-09-12 02:15:00,25470.91472220607,0.0,BE
2023-09-12 02:15:00,SHORT,25542.01128808199,25748.43707268466,25197.968313744204,4.293911,2023-09-12 03:30:00,25373.705429456517,722.6903777163667,TSL
2023-09-16 00:00:00,LONG,28965.732636959136,28724.52555389636,29367.74444206376,3.704704,2023-09-16 03:45:00,29152.811111599825,693.0703733152621,TSL
2023-09-17 03:45:00,SHORT,28918.91408248945,29131.258373206794,28565.006931293876,4.240903,2023-09-17 04:15:00,29131.258373206794,-900.53153953606,SL
2023-09-25 02:45:00,SHORT,27311.505421560283,27568.984628905793,26882.37340931777,3.462517,2023-09-25 03:30:00,27568.984628905793,-891.5261325803535,SL
2023-09-26 08:00:00,LONG,28556.40570243796,28336.42487387149,28923.040416715416,4.012217,2023-09-26 08:30:00,28336.42487387149,-882.6108200484888,SL
2023-09-26 21:00:00,LONG,29069.159722865897,28829.573227103447,29468.47054913665,3.647054,2023-09-26 21:45:00,28829.573227103447,-873.7848877164291,SL
2023-09-28 06:00:00,LONG,30842.722141195067,30569.948173762354,31297.34542024959,3.171296,2023-09-28 07:15:00,31106.37993748248,836.1369147350921,TSL
2023-09-29 12:45:00,LONG,31773.148607430394,31519.827842914754,32195.34988162313,3.447835,2023-09-29 13:30:00,31519.827842914754,-873.4081981237813,SL
2023-10-01 01:00:00,LONG,32145.900228095852,31871.72175378586,32602.86435194584,3.153691,2023-10-01 01:30:00,31871.72175378586,-864.6741868251544,SL
2023-10-02 09:00:00,SHORT,31063.717216520497,31313.61132267252,30647.22703960046,3.425561,2023-10-02 09:30:00,31063.717216520497,0.0,BE
2023-10-02 09:30:00,SHORT,31081.974763488033,31329.85175893585,30668.84643774167,3.453437,2023-10-02 11:15:00,30876.303721017997,710.2719878945934,TSL
2023-10-10 00:15:00,LONG,35903.63946034764,35653.53200411825,36320.48522072994,3.451037,2023-10-10 00:30:00,35987.63860764087,289.8841652773888,TSL
2023-10-11 14:15:00,LONG,38488.27941826261,38185.79200890131,38992.42510053143,2.863025,2023-10-11 14:45:00,38185.79200890131,-866.0290151866249,SL
2023-10-11 21:45:00,LONG,37741.11330187432,37480.481707932544,38175.49929177729,3.289581,2023-10-11 22:45:00,37480.481707932544,-857.3687394305827,SL
2023-10-15 08:00:00,SHORT,37641.10771314172,37944.96257583204,37134.68294199119,2.793423,2023-10-15 08:45:00,37944.96257583204,-848.7951621009851,SL
2023-10-21 02:00:00,LONG,41053.56121454143,40724.91775563281,41601.300312722466,2.556896,2023-10-21 03:00:00,40724.91775563281,-840.3071455096155,SL
2023-10-23 10:15:00,SHORT,38120.17163462202,38393.95515369735,37663.86576949647,3.038547,2023-10-23 10:30:00,38393.95515369735,-831.9040905357932,SL
2023-10-25 21:45:00,LONG,40226.21003755345,39897.58952198495,40773.910896834284,2.506189,2023-10-26 00:30:00,41047.409712274384,2058.081591589183,TSL
2023-10-26 04:15:00,LONG,40421.43547296489,40074.33594214148,40999.93469100391,2.432057,2023-10-26 09:30:00,41117.68071469206,1693.3081138592574,TSL
2023-10-29 02:15:00,LONG,44058.62645937373,43706.8416437809,44644.93448536178,2.4478,2023-10-29 03:45:00,43706.8416437809,-861.0988716081282,SL
2023-10-31 12:30:00,LONG,43250.56786666101,42902.254375410004,43831.090352079365,2.447473,2023-10-31 13:00:00,43250.56786666101,0.0,BE
2023-11-01 06:45:00,SHORT,42710.129421920654,43002.247011427404,42223.26677274274,2.918304,2023-11-01 09:15:00,42433.91570208807,806.0756034423187,TSL
2023-11-01 20:45:00,SHORT,42433.09634056019,42759.51911589636,41889.058381666575,2.636301,2023-11-01 22:30:00,42433.09634056019,0.0,BE
2023-11-03 23:15:00,LONG,43371.9986840649,43076.861128390155,43863.89461018947,2.915754,2023-11-04 00:15:00,43685.44643618604,913.9365370382151,TSL
2023-11-08 02:15:00,LONG,48365.47747806993,47965.06524145504,49032.8312057614,2.171982,2023-11-08 02:45:00,48365.47747806993,0.0,BE
2023-11-08 03:00:00,LONG,48172.64261404929,47741.55111929208,48891.12843864464,2.017409,2023-11-08 08:15:00,48612.927701892724,888.2350987811319,TSL
2023-11-08 17:45:00,LONG,47558.3622762102,47207.949526310294,48142.383526043384,2.507244,2023-11-08 18:45:00,48066.51240046833,1274.0563501454483,TSL
2023-11-12 10:45:00,SHORT,45196.48974953386,45548.83143695475,44609.253603832374,2.529678,2023-11-12 11:30:00,45196.48974953386,0.0,BE
2023-11-12 13:00:00,SHORT,45617.24940917778,45966.1954457217,45035.67268160457,2.554294,2023-11-12 14:15:00,45406.71813933703,537.7587593666102,TSL
2023-11-16 10:15:00,LONG,45527.063286850294,45123.69627708846,46199.34163645336,2.223009,2023-11-16 13:45:00,46627.75104665721,2446.838796240618,TSL
2023-11-18 11:15:00,SHORT,45194.919605791605,45523.16984764415,44647.83586937069,2.806264,2023-11-18 12:45:00,45194.919605791605,0.0,BE
2023-11-19 03:15:00,SHORT,44117.8500291861,44455.38033719693,43555.299515834704,2.729109,2023-11-19 04:00:00,43687.91041005094,1173.3520840383242,TSL
2023-11-20 09:45:00,SHORT,42094.749175155375,42399.150244055,41587.41406032266,3.064675,2023-11-20 11:00:00,42399.150244055,-932.8903458299665,SL
2023-11-20 14:30:00,SHORT,42761.10250350186,43024.52351114811,42322.06749075812,3.506028,2023-11-20 15:30:00,42372.519311725424,1362.3835506975586,TSL
2023-11-23 03:45:00,LONG,42807.047607610126,42447.364275428474,43406.51982791288,2.605585,2023-11-23 04:45:00,42447.364275428474,-937.18549508253,SL
2023-11-23 22:15:00,LONG,43372.41368056279,43083.64933463737,43853.687590438494,3.213047,2023-11-23 23:00:00,43083.64933463737,-927.813415382649,SL
2023-11-24 13:45:00,SHORT,42844.88410194466,43224.23033368479,42212.64038237778,2.421364,2023-11-24 14:45:00,43224.23033368479,-918.5353090712036,SL
2023-11-28 19:15:00,SHORT,40967.74713596463,41223.775717320794,40541.03283370436,3.551752,2023-11-28 19:30:00,40843.2091611752,442.32800103431845,TSL
2023-11-29 09:30:00,SHORT,40785.54454130186,41068.656539187956,40313.6912114917,3.227604,2023-11-29 11:30:00,41068.656539187956,-913.7734168251524,SL
2023-12-01 22:30:00,SHORT,40906.21519275496,41191.889785845684,40430.090870937085,3.166664,2023-12-01 23:00:00,40668.1870968813,753.7550021916512,TSL
2023-12-07 20:00:00,SHORT,39709.33314574369,40019.50920465005,39192.37304756641,2.940824,2023-12-07 21:15:00,39709.33314574369,0.0,BE
2023-12-08 09:45:00,SHORT,39239.7064876855,39550.25914989015,38722.11871734441,2.937257,2023-12-08 11:00:00,38951.119604161795,847.6538437381877,TSL
2023-12-13 00:45:00,SHORT,37655.03029570902,37919.345718730954,37214.50459067246,3.483148,2023-12-13 02:00:00,37919.345718730954,-920.6497370680139,SL
2023-12-17 20:30:00,LONG,38653.78537944537,38383.026038615426,39105.050947495285,3.366248,2023-12-17 21:45:00,38383.026038615426,-911.4430895501158,SL
2023-12-22 18:45:00,LONG,45398.88377735291,45138.489116158766,45832.874879343144,3.465235,2023-12-22 19:15:00,45398.88377735291,0.0,BE
2023-12-22 21:00:00,LONG,44994.76338869374,44626.26609646477,45608.92554240868,2.448671,2023-12-22 22:00:00,45301.18090089216,750.3156760124238,TSL
2023-12-23 17:30:00,LONG,46238.814459092624,45800.6618178021,46969.0688612435,2.076518,2023-12-23 18:15:00,45800.6618178021,-909.8318463873128,SL
2023-12-28 09:00:00,SHORT,44626.34938561672,45008.83184849927,43988.878614145804,2.354967,2023-12-28 09:45:00,45008.83184849927,-900.7335781671343,SL
2024-01-03 08:45:00,SHORT,43911.344616780174,44197.710973480105,43434.06735561362,3.113935,2024-01-03 09:15:00,44197.710973480105,-891.7262209504003,SL
2024-01-09 05:00:00,SHORT,39251.29437040162,39487.646550799036,38857.374069739264,3.735142,2024-01-09 05:30:00,39487.646550799036,-882.8089557939596,SL
2024-01-11 09:30:00,SHORT,37745.83060234144,38039.458183222676,37256.451300872715,2.976494,2024-01-11 10:15:00,38039.458183222676,-873.9807327275113,SL
2024-01-12 11:15:00,LONG,39348.8747983116,39093.634144770636,39774.27588754653,3.389903,2024-01-12 12:15:00,39503.29675699246,523.4754609981277,TSL
2024-01-13 22:15:00,SHORT,36424.61153992588,36682.01141756127,35995.6117438669,3.381804,2024-01-13 23:45:00,35911.965637327754,1733.6679639899457,TSL
2024-01-16 08:30:00,SHORT,35068.85140363495,35364.29098114367,34576.45210778709,3.005056,2024-01-16 10:00:00,35364.29098114367,-887.8124750300375,SL
2024-01-17 05:15:00,SHORT,33996.803651399256,34247.866297684806,33578.36590759001,3.500857,2024-01-17 08:00:00,34247.866297684806,-878.9344226872943,SL
2024-01-17 09:30:00,SHORT,34644.28769915376,34871.863824176864,34264.99415744859,3.823534,2024-01-17 11:15:00,34380.31140225625,1009.3223463817313,TSL
2024-01-19 06:00:00,LONG,34867.50884052788,34618.62198913992,35282.320259507804,3.536701,2024-01-19 07:00:00,35200.77721929683,1178.6706084605346,TSL
2024-01-25 14:00:00,LONG,35258.52696295703,34972.0274735771,35736.02611192358,3.113531,2024-01-25 14:45:00,35258.52696295703,0.0,BE
2024-02-04 10:30:00,LONG,34339.3655838282,34091.60350085455,34752.30238878428,3.600329,2024-02-04 12:45:00,34739.8026153408,1441.705057228727,TSL
2024-02-10 14:00:00,LONG,37482.0259518441,37174.338282625176,37994.83873387564,2.945981,2024-02-10 15:15:00,37670.14540720599,554.1963412264809,TSL
2024-02-11 10:45:00,LONG,38659.372101177825,38428.459402313565,39044.22659928493,3.949475,2024-02-11 11:00:00,38428.459402313565,-911.9839313469239,SL
2024-02-12 13:00:00,SHORT,37080.67338002774,37425.59570524286,36505.80283800255,2.617587,2024-02-12 15:45:00,36880.00624908453,525.2636732842524,TSL
2024-02-14 16:15:00,SHORT,34450.1566809373,34681.701513453285,34064.248626744,3.921991,2024-02-14 19:15:00,34229.4616114291,865.5640763555546,TSL
2024-02-18 00:15:00,LONG,37086.157880397426,36795.61117527365,37570.40238893705,3.155336,2024-02-18 01:45:00,37086.157880397426,0.0,BE
2024-02-19 18:15:00,LONG,38646.98733100571,38386.994275316494,39080.30909048774,3.526142,2024-02-19 18:30:00,38646.98733100571,0.0,BE
2024-02-19 18:30:00,LONG,38709.8123112794,38451.48771391874,39140.3533068805,3.548916,2024-02-19 20:15:00,38451.48771391874,-916.7722967668071,SL
2024-02-25 15:45:00,LONG,42352.64253534791,41971.886564817716,42987.235819564914,2.383691,2024-02-25 16:45:00,41971.886564817716,-907.6045801490966,SL
2024-02-27 10:15:00,SHORT,40047.91468335396,40323.49429114441,39588.61533703656,3.260505,2024-02-27 10:45:00,40323.49429114441,-898.5286890987854,SL
2024-02-27 11:45:00,SHORT,40636.543587765846,40958.530370482644,40099.89894990452,2.76267,2024-02-27 13:00:00,40455.0084893879,501.52157023579076,TSL
2024-02-28 01:15:00,LONG,40846.076563110706,40507.15913635514,41410.93894103664,2.639459,2024-02-28 03:45:00,40507.15913635514,-894.5586523068156,SL
2024-02-29 17:00:00,LONG,42144.09581614909,41808.10420251416,42704.08183887398,2.635819,2024-02-29 17:30:00,41808.10420251416,-885.6130790596202,SL
2024-03-01 00:15:00,LONG,41743.52360808478,41447.52795479138,42236.84969690711,2.96206,2024-03-01 01:45:00,41743.52360808478,0.0,BE
2024-03-04 03:00:00,SHORT,38661.10623163317,38952.328510335865,38175.735767128695,3.010611,2024-03-04 03:45:00,38952.328510335865,-876.756995707388,SL
2024-03-07 15:30:00,SHORT,35949.814090156986,36249.3958885213,35450.51109288313,2.897337,2024-03-07 17:00:00,35596.48543009092,1023.7121999698322,TSL
2024-03-10 08:00:00,SHORT,35897.033855366346,36171.3295776307,35439.87431825909,3.20175,2024-03-10 10:45:00,35570.71457351575,1044.792760665157,TSL
2024-03-16 08:45:00,SHORT,31566.095318306965,31814.42426973758,31152.213732589273,3.578618,2024-03-16 09:30:00,31814.42426973758,-888.6744555107286,SL
2024-03-17 04:30:00,LONG,33922.74993390834,33700.224703828084,34293.62531737543,3.953653,2024-03-17 05:30:00,34181.9796035887,1024.9041612207666,TSL
2024-03-17 12:30:00,LONG,34301.19154180739,34015.62975618013,34777.12785118616,3.116792,2024-03-17 13:15:00,34301.19154180739,0.0,BE
2024-03-19 21:45:00,LONG,34476.6663121928,34167.08015150324,34992.6432466754,2.874924,2024-03-19 23:15:00,35019.71559215454,1561.225408144732,TSL
2024-03-22 21:30:00,LONG,37757.99421247443,37435.54840117137,38295.403897979515,2.808686,2024-03-22 23:00:00,37435.54840117137,-905.649035965535,SL
2024-03-23 18:30:00,LONG,38084.51844258955,37737.1368828004,38663.4877089048,2.581002,2024-03-23 20:45:00,38231.66339849831,379.7814254904297,TSL
2024-03-28 05:45:00,SHORT,40072.99908439447,40320.07524834346,39661.20547781282,3.644181,2024-03-28 06:30:00,39904.386408933045,614.4551082756852,TSL
2024-03-29 02:00:00,SHORT,39104.96201959385,39405.83723704825,38603.503323836514,3.012992,2024-03-29 04:00:00,39104.96201959385,0.0,BE
2024-03-31 04:30:00,LONG,40562.618071658486,40238.13406768989,41103.42474493948,2.793773,2024-03-31 05:15:00,40801.25919050377,666.7091145197454,TSL
2024-03-31 10:00:00,LONG,40136.2720285287,39858.20404405399,40599.71866931988,3.284096,2024-03-31 12:00:00,40562.80341791523,1400.77002975875,TSL
2024-04-03 05:15:00,SHORT,37527.068891855684,37828.34677742144,37024.939082579425,3.077589,2024-04-03 06:30:00,37527.068891855684,0.0,BE
2024-04-04 02:30:00,LONG,38482.3516805271,38162.37638897711,39015.643833110415,2.897754,2024-04-04 03:30:00,38482.3516805271,0.0,BE
2024-04-06 13:00:00,LONG,40923.31719854231,40584.838288876934,41487.44871465127,2.739342,2024-04-06 14:30:00,41048.806850224166,343.75907341747694,TSL
2024-04-06 16:00:00,LONG,40327.795110367704,39981.43760925289,40905.05761222572,2.686955,2024-04-06 18:45:00,40564.18923421868,635.1803730519896,TSL
2024-04-10 02:30:00,LONG,43157.02971508596,42796.74003228543,43757.51251975351,2.600682,2024-04-10 03:45:00,42796.74003228543,-936.998892845054,SL
2024-04-11 00:15:00,LONG,43048.17853837491,42604.9401739577,43786.90914573692,2.092844,2024-04-11 02:45:00,42604.9401739577,-927.6287515403668,SL
2024-04-13 19:00:00,LONG,42656.81488794046,42333.22736887362,43196.127419718534,2.838035,2024-04-13 20:30:00,43486.36329309383,2354.2874080194483,TSL
2024-04-23 05:45:00,SHORT,41431.512439092185,41751.60605015037,40898.02308732855,2.942563,2024-04-23 07:30:00,41314.155386618135,345.33052039919755,TSL
2024-04-23 13:00:00,SHORT,41724.761624923514,42081.88057507952,41129.5633746635,2.647154,2024-04-23 14:00:00,42081.88057507952,-945.3488573812758,SL
2024-04-25 03:15:00,LONG,43351.52028950261,43006.59139249113,43926.40178452174,2.713299,2024-04-25 04:15:00,43727.372477359284,1019.7993654593292,TSL
2024-04-27 03:15:00,LONG,43628.66280057955,43282.39744779635,44205.77172188488,2.732278,2024-04-27 05:00:00,43282.39744779635,-946.0932055717783,SL
2024-04-28 16:45:00,SHORT,41781.70889907874,42117.72250988709,41221.68621439815,2.787484,2024-04-28 17:30:00,42117.72250988709,-936.6325639105122,SL
2024-04-30 23:00:00,LONG,44759.08009695391,44398.772568660206,45359.59264411008,2.573541,2024-05-01 01:45:00,45714.613208268136,2459.103638824719,TSL
2024-05-04 08:45:00,LONG,45149.17266506294,44721.65879970605,45861.695773991094,2.226494,2024-05-04 12:15:00,44721.65879970605,-951.857056133932,SL
2024-05-08 01:45:00,SHORT,43845.76542023447,44134.42360491812,43364.66844576172,3.264548,2024-05-08 02:15:00,44134.42360491812,-942.3384994926365,SL
2024-05-11 19:45:00,SHORT,43985.459304687494,44372.57868661621,43340.2603348063,2.40989,2024-05-11 21:00:00,44372.57868661621,-932.9151273161899,SL
2024-05-12 11:15:00,LONG,45385.027150105765,45032.640578568586,45972.33810266773,2.620946,2024-05-12 12:00:00,45584.93507263489,523.9478699210279,TSL
2024-05-14 01:00:00,SHORT,43763.604971620174,44101.255715507934,43200.85373180724,2.750847,2024-05-14 02:30:00,43398.69835268435,1003.8022779797636,TSL
2024-05-14 06:45:00,SHORT,44430.04134278019,44762.120539169846,43876.5760154641,2.827228,2024-05-14 07:45:00,44762.120539169846,-938.8636022503326,SL
2024-05-16 01:00:00,LONG,45825.26478862452,45408.03398194463,46520.64946642433,2.227724,2024-05-16 01:30:00,45408.03398194463,-929.4750815801442,SL
2024-05-19 08:45:00,SHORT,35961.901335808,36223.94346948089,35525.164446353185,3.511573,2024-05-19 09:30:00,35517.63367573732,1560.0783198773652,TSL
2024-05-24 05:15:00,SHORT,34356.19249042503,34594.39062542112,33959.1955987649,3.928582,2024-05-24 06:30:00,34594.39062542112,-935.7809055791868,SL
2024-05-24 22:00:00,SHORT,33517.35626110865,33746.85886810632,33134.85191611254,4.036656,2024-05-24 23:00:00,33290.136069438275,917.2097500273812,TSL
2024-05-29 11:00:00,LONG,32242.242246448393,31997.737165696904,32649.750714367543,3.826486,2024-05-29 11:15:00,31997.737165696904,-935.5952684244421,SL
2024-05-30 21:00:00,SHORT,31565.975107526494,31822.159417529503,31139.00125752148,3.615519,2024-05-30 22:15:00,31565.975107526494,0.0,BE
2024-06-07 18:00:00,LONG,32743.059623665646,32485.660752940614,33172.057741540695,3.598459,2024-06-07 20:00:00,33195.59571250133,1628.4325616955684,TSL
2024-06-12 11:15:00,SHORT,31759.814506615025,32016.62975722834,31331.78908892616,3.670045,2024-06-12 11:30:00,32016.62975722834,-942.5235264371458,SL
2024-06-13 07:15:00,SHORT,30622.199083486397,30901.147835598593,30157.284496632736,3.345053,2024-06-13 08:30:00,30901.147835598593,-933.0983600991559,SL
2024-06-17 01:30:00,LONG,29769.52417645269,29513.463584180507,30196.29183023967,3.607612,2024-06-17 02:30:00,29513.463584180507,-923.7672654082394,SL
2024-06-18 15:00:00,LONG,31452.047991740295,31237.86748327144,31809.015505855055,4.269902,2024-06-18 15:45:00,31664.156524152742,905.6826467649721,TSL
2024-06-19 13:30:00,LONG,31940.51176299445,31663.70450823098,32401.857187600235,3.336569,2024-06-19 14:45:00,31663.70450823098,-923.5865052188938,SL
2024-06-19 17:30:00,LONG,31655.19451204825,31389.11622985462,32098.6583157043,3.436397,2024-06-19 18:00:00,31389.11622985462,-914.3506106953436,SL
2024-06-21 21:00:00,SHORT,31410.2409864204,31669.90474142624,30977.468061410662,3.486074,2024-06-21 22:00:00,31127.506910353663,985.6319114902697,TSL
2024-06-23 13:30:00,LONG,31475.039218131307,31208.85018528733,31918.687606204603,3.437645,2024-06-23 14:30:00,31208.85018528733,-915.0633978109324,SL
2024-06-28 04:30:00,LONG,31256.87330657829,31036.948851707562,31623.41406469617,4.1192,2024-06-28 05:45:00,31582.01348278802,1339.317413843121,TSL
2024-07-02 13:15:00,SHORT,27758.450121885846,28011.31757084851,27337.004373614735,3.635525,2024-07-02 14:30:00,27758.450121885846,0.0,BE
2024-07-08 10:30:00,SHORT,26184.774065117686,26382.14941090723,25855.815155468445,4.657654,2024-07-08 12:00:00,26382.14941090723,-919.3060688180511,SL
2024-07-09 20:15:00,SHORT,25517.338841268516,25722.796378359402,25174.909612783707,4.429689,2024-07-09 21:45:00,25294.791116697237,985.8172075084248,TSL
2024-07-12 05:15:00,SHORT,23823.761157595272,24008.697612471613,23515.53373280137,4.974526,2024-07-12 06:00:00,24008.697612471613,-919.971203130183,SL
2024-07-17 04:00:00,LONG,28792.975190979687,28550.44412353861,29197.19363671481,3.755277,2024-07-17 05:15:00,29055.00856784627,984.0079133794155,TSL
2024-07-18 16:00:00,SHORT,27678.020720218236,27923.563817996812,27268.78222392061,3.749287,2024-07-18 16:30:00,27923.563817996812,-920.6115444409451,SL
2024-07-21 00:30:00,LONG,28674.34058314891,28470.73988836395,29013.675074457176,4.476435,2024-07-21 02:00:00,28674.34058314891,0.0,BE
2024-07-27 00:15:00,SHORT,25977.782078140903,26167.397808907645,25661.755860196336,4.806592,2024-07-27 01:00:00,25977.782078140903,0.0,BE
2024-07-27 09:15:00,SHORT,26053.949032262717,26243.881530682316,25737.39486823005,4.798575,2024-07-27 11:00:00,26053.949032262717,0.0,BE
2024-07-29 09:30:00,SHORT,25580.810925967857,25760.59342948543,25281.173420105235,5.069489,2024-07-29 10:15:00,25514.153175210955,337.92073422685536,TSL
2024-07-30 11:45:00,SHORT,24430.29539494879,24643.94336807472,24074.215439738906,4.281738,2024-07-30 12:00:00,24430.29539494879,0.0,BE
2024-07-30 12:45:00,SHORT,24624.559766130445,24861.150789567077,24230.24139373606,3.866523,2024-07-30 13:15:00,24861.150789567077,-914.784633711273,SL
2024-08-01 12:30:00,SHORT,24432.786588338215,24610.75619529705,24136.17057674015,5.088716,2024-08-01 14:30:00,24432.786588338215,0.0,BE
2024-08-03 08:30:00,LONG,23889.755747129293,23722.86906837132,24167.90021172591,5.426657,2024-08-03 11:30:00,23722.86906837132,-905.636763488699,SL
2024-08-05 04:00:00,LONG,25148.71624598626,24944.954462829122,25488.319217914817,4.40014,2024-08-05 05:45:00,24944.954462829122,-896.5803725410447,SL
2024-08-05 08:00:00,LONG,24523.567175663622,24314.901851732542,24871.34271554876,4.253771,2024-08-05 09:30:00,24806.415296110306,1203.171132160613,TSL
2024-08-09 04:30:00,LONG,25127.775121188082,24957.772598368392,25411.1126592209,5.291958,2024-08-09 06:15:00,25203.696238336463,401.7713632623083,TSL
2024-08-14 16:15:00,LONG,27378.863787990642,27174.864281097285,27718.862966146236,4.429736,2024-08-14 17:15:00,27378.863787990642,0.0,BE
2024-08-17 02:45:00,LONG,30057.803348911886,29842.76219076162,30416.205279162332,4.202284,2024-08-17 03:30:00,30157.91588823874,420.70132221260144,TSL
2024-08-17 06:30:00,LONG,29786.65466206333,29556.16948828739,30170.79661835657,3.938956,2024-08-17 07:15:00,29921.335203438764,530.5007265340128,TSL
2024-08-20 19:15:00,SHORT,29645.00409748361,29877.84832412564,29256.930386413558,3.921832,2024-08-20 20:30:00,29517.545472878694,499.87131265154227,TSL
2024-08-22 02:30:00,SHORT,29267.20393010422,29466.92551073159,28934.334629058605,4.597273,2024-08-22 02:45:00,29466.92551073159,-918.1746301355345,SL
2024-08-29 01:45:00,LONG,29865.248163721575,29630.702749127384,30256.15718804523,3.875552,2024-08-29 02:45:00,29630.702749127384,-908.9929506213471,SL
2024-08-29 03:45:00,LONG,29447.83577335583,29192.975205885872,29872.60338580576,3.530962,2024-08-29 05:15:00,29874.712243360547,1507.284594280798,TSL
2024-08-31 11:00:00,LONG,29864.033920058897,29626.36093925059,30260.155554739405,3.849726,2024-08-31 15:00:00,29864.033920058897,0.0,BE
2024-09-03 04:45:00,SHORT,27909.33699080897,28128.906540735123,27543.387740932045,4.167135,2024-09-03 07:30:00,27450.504974108713,1912.014955912224,TSL
2024-09-05 07:30:00,LONG,29236.02374042391,29035.06761922431,29570.9506090899,4.648259,2024-09-05 08:15:00,29405.891715643356,789.5903446255741,TSL
2024-09-14 08:45:00,LONG,31504.470334827183,31254.8119564129,31920.567632184317,3.773124,2024-09-14 10:00:00,31254.8119564129,-941.9920193960102,SL
2024-09-15 05:30:00,SHORT,30208.75295269131,30408.497334436423,29875.845649782786,4.668827,2024-09-15 05:45:00,30408.497334436423,-932.571962589891,SL
2024-09-15 06:45:00,SHORT,30613.268193702817,30848.95032871492,30220.464635349315,3.917337,2024-09-15 08:00:00,30848.95032871492,-923.2463477219052,SL
2024-09-16 02:45:00,LONG,32298.30118783613,32039.23776760163,32730.073554893628,3.528147,2024-09-16 04:15:00,32298.30118783613,0.0,BE
2024-09-16 15:00:00,LONG,32597.97477170708,32325.55474964986,33052.00814180244,3.355164,2024-09-16 17:15:00,32756.01862147363,530.2630351581462,TSL
2024-09-17 02:45:00,LONG,32244.50115239199,32022.0720643832,32615.216299073305,4.133077,2024-09-17 03:30:00,32244.50115239199,0.0,BE
2024-09-17 17:30:00,LONG,32659.84700112916,32350.84537965577,33174.84970358481,2.975119,2024-09-17 18:15:00,32350.84537965577,-919.3165950762948,SL
2024-09-21 09:30:00,LONG,33244.63121804875,32986.37399655128,33675.05992054453,3.524096,2024-09-21 09:45:00,32986.37399655128,-910.1232412503538,SL
2024-09-23 02:45:00,SHORT,33536.06119251834,33777.56075200951,33133.56192669973,3.730947,2024-09-23 04:45:00,33777.56075200951,-901.0220569848912,SL
2024-09-23 18:00:00,LONG,33899.782084540384,33638.25310794325,34335.663712202266,3.410757,2024-09-23 20:15:00,33993.33449322484,319.08453278735726,TSL
2024-09-26 23:15:00,SHORT,32114.051477641784,32373.472744463976,31681.682699604797,3.450768,2024-09-27 01:30:00,32011.057993914983,355.40661785296584,TSL
2024-09-28 06:45:00,SHORT,32390.228484680978,32656.798451472092,31945.945206695786,3.37156,2024-09-28 07:45:00,32109.43884649553,946.6991125205291,TSL
2024-10-06 09:30:00,SHORT,28608.49872839883,28851.460229551743,28203.56289314397,3.738139,2024-10-06 11:15:00,28608.49872839883,0.0,BE
2024-10-11 14:45:00,LONG,28650.632679080598,28446.58633250924,28990.709923366194,4.451066,2024-10-11 15:00:00,28446.58633250924,-908.2237556479895,SL
2024-10-12 13:00:00,SHORT,26606.08788905884,26812.563718275866,26261.96150703046,4.354706,2024-10-12 15:15:00,26403.411990982546,882.5939494082232,TSL
2024-10-14 03:45:00,SHORT,24532.740223512603,24739.086297567144,24188.83010008837,4.400217,2024-10-14 06:30:00,24165.600588101013,1615.4940651118782,TSL
2024-10-14 14:45:00,SHORT,25008.87712505143,25199.63900929706,24690.940651308705,4.844377,2024-10-14 15:30:00,24913.79791983304,460.59951493824695,TSL
2024-10-15 12:45:00,LONG,25265.57239657,25026.70832230106,25663.67918701824,3.888104,2024-10-15 13:15:00,25026.70832230106,-928.7283626213712,SL
2024-10-18 09:00:00,SHORT,25341.19010498567,25537.473185152183,25014.051638041485,4.684261,2024-10-18 09:30:00,25341.19010498567,0.0,BE
2024-10-22 00:45:00,SHORT,25409.551706091457,25634.004692231534,25035.463395857998,4.096364,2024-10-22 03:15:00,25019.275907954383,1598.7117295599778,TSL
2024-10-24 18:45:00,LONG,24923.34493002703,24699.141179961363,25297.017846803137,4.172224,2024-10-24 20:15:00,24998.145249996986,312.0836901863298,TSL
2024-10-25 21:00:00,SHORT,24632.711815433715,24844.534769867725,24279.6735580437,4.430818,2024-10-25 22:15:00,24632.711815433715,0.0,BE
2024-10-27 18:30:00,SHORT,23322.450534349016,23518.71160541435,22995.348749240122,4.782146,2024-10-27 19:30:00,23198.382287648976,593.3124696836124,TSL
2024-10-31 01:30:00,LONG,23526.277741252048,23355.83298772252,23810.352330467933,5.541281,2024-10-31 01:45:00,23355.83298772252,-944.4822742828642,SL
2024-11-03 22:45:00,LONG,25484.670614503873,25280.006778644405,25825.77700760299,4.56865,2024-11-04 00:30:00,25967.09635834961,2204.034374620818,TSL
2024-11-07 03:30:00,LONG,27113.55647995201,26907.13148531903,27457.598137673645,4.636443,2024-11-07 04:15:00,26907.13148531903,-957.0777213911181,SL
2024-11-08 12:00:00,LONG,27454.936210567164,27246.70590853149,27801.986713959952,4.550284,2024-11-08 12:15:00,27246.70590853149,-947.5070116680947,SL
2024-11-09 07:00:00,LONG,27351.8742951834,27148.52057881637,27690.797155795113,4.612809,2024-11-09 07:45:00,27148.52057881637,-938.0318530412826,SL
2024-11-11 04:30:00,LONG,29037.49259544166,28802.19139533895,29429.661262279515,3.94665,2024-11-11 05:30:00,28802.19139533895,-928.6514813853713,SL
2024-11-11 06:30:00,LONG,28574.143515198542,28322.187217821614,28994.070677493426,3.648907,2024-11-11 10:00:00,28741.17384811815,609.4781510026835,TSL
2024-11-16 06:00:00,SHORT,26924.189051156874,27118.38420945339,26600.530453996013,4.765617,2024-11-16 06:15:00,26924.189051156874,0.0,BE
2024-11-17 00:15:00,SHORT,27293.52441927582,27503.843529063237,26942.99256963012,4.400265,2024-11-17 01:30:00,27503.843529063237,-925.459817628736,SL
2024-11-18 11:45:00,LONG,27881.866291028473,27672.11140953801,28231.45776017924,4.36798,2024-11-18 12:00:00,28114.236246998524,1014.9873202780625,TSL
2024-11-23 19:15:00,LONG,30464.569841079116,30238.53904742669,30841.287830499827,4.098358,2024-11-23 20:00:00,30464.569841079116,0.0,BE
2024-11-29 07:15:00,SHORT,29556.30177214494,29806.4952113771,29139.31270675801,3.702555,2024-11-29 07:45:00,29556.30177214494,0.0,BE
2024-12-01 04:00:00,SHORT,29221.51145562475,29444.966903476197,28849.085709205672,4.145592,2024-12-01 05:30:00,29444.966903476197,-926.3551169693774,SL
2024-12-07 18:45:00,LONG,30160.107276394905,29931.396902899258,30541.291232220985,4.009838,2024-12-07 19:15:00,29931.396902899258,-917.0915466370391,SL
2024-12-12 08:30:00,SHORT,29002.539878283365,29193.031981710075,28685.053039238846,4.766185,2024-12-12 09:00:00,29193.031981710075,-907.9206059708335,SL
2024-12-12 10:15:00,SHORT,29564.543472255413,29787.16219137253,29193.512273726887,4.037582,2024-12-12 12:00:00,29334.145393574192,930.2511353178808,TSL
2024-12-14 03:00:00,SHORT,28743.984561468267,28992.45130938514,28329.873314940145,3.654992,2024-12-14 06:30:00,28992.45130938514,-908.1439759021805,SL
2024-12-17 17:45:00,LONG,31034.30724671676,30834.353639255958,31367.56325915143,4.496355,2024-12-17 18:45:00,31127.91461205149,420.8919451596412,TSL
2024-12-18 19:30:00,LONG,32693.15169416855,32458.710214844836,33083.88749304142,3.852865,2024-12-18 21:45:00,32864.46475635378,660.0461013362915,TSL
2024-12-18 23:30:00,LONG,32560.484625857767,32309.844980776208,32978.21736766036,3.630199,2024-12-19 00:00:00,32309.844980776208,-909.8717889354309,SL
2024-12-19 17:30:00,LONG,32563.0910979191,32298.43605545848,33004.18283535347,3.403574,2024-12-19 19:00:00,32723.46526598932,545.8453487154391,TSL
2024-12-22 09:15:00,SHORT,29996.383581765156,30239.059011700836,29591.924531872355,3.734336,2024-12-22 09:45:00,29996.383581765156,0.0,BE
2024-12-22 10:30:00,SHORT,30182.843914468718,30411.942974405625,29801.012147907208,3.955632,2024-12-22 11:30:00,30045.62327767,542.7943419813803,TSL
2024-12-23 16:30:00,SHORT,28703.150394650147,28958.424159344166,28277.694120160115,3.571301,2024-12-23 19:30:00,28598.210469905112,374.772058181867,TSL
2024-12-25 05:00:00,LONG,29451.73796838366,29207.930421379402,29858.083880057424,3.754631,2024-12-25 05:30:00,29207.930421379402,-915.4073740161396,SL
2024-12-27 21:45:00,LONG,31225.074992275262,30975.390900884504,31641.21514459319,3.629599,2024-12-27 22:15:00,30975.390900884504,-906.2531284278042,SL
2024-12-31 13:15:00,LONG,31529.916862424307,31242.323672719387,32009.23884526584,3.119652,2024-12-31 14:45:00,31659.65583009353,404.7404299672234,TSL
2025-01-02 05:45:00,LONG,33232.72428314086,32968.461176053395,33673.1627949533,3.410382,2025-01-02 06:15:00,32968.461176053395,-901.2381436751567,SL
2025-01-06 13:15:00,LONG,35354.37983595662,35078.461817059884,35814.24320078452,3.233662,2025-01-06 13:45:00,35354.37983595662,0.0,BE
2025-01-06 13:45:00,LONG,35446.12587413679,35164.249045133794,35915.920589141795,3.165303,2025-01-06 15:15:00,35743.25876356324,940.5156263001925,TSL
2025-01-06 18:30:00,LONG,35221.300334632106,34977.89146902358,35626.98177731297,3.704182,2025-01-06 19:15:00,35589.962888244074,1365.5931951634875,TSL
2025-01-13 08:45:00,LONG,42092.13014081444,41767.51831181078,42633.14985582054,2.819635,2025-01-13 10:00:00,42506.74485686387,1169.0621648880324,TSL
2025-01-13 16:00:00,LONG,42377.29044331876,42073.45342920459,42883.68546684237,3.050903,2025-01-13 18:00:00,43132.1145603728,2302.895163192529,TSL
2025-01-14 02:00:00,LONG,42055.848097145616,41726.99853619342,42603.9306987326,2.888878,2025-01-14 04:15:00,42364.19111250909,890.7653535372087,TSL
2025-01-15 06:30:00,LONG,43219.454865314445,42927.14676111048,43706.63503898772,3.280491,2025-01-15 06:45:00,42927.14676111048,-958.9141050681628,SL
2025-01-17 03:45:00,LONG,44580.70451560199,44180.16720213499,45248.26670471365,2.370128,2025-01-17 05:00:00,44180.16720213499,-949.3247016929156,SL
2025-01-17 09:00:00,LONG,43811.8867362224,43496.34797761847,44337.784667228945,2.978498,2025-01-17 09:30:00,43496.34797761847,-939.8315614242846,SL
2025-01-19 04:30:00,SHORT,39970.18904490018,40240.07056291972,39520.38651486761,3.447562,2025-01-19 05:30:00,39536.98188150353,1493.5085546540745,TSL
2025-01-20 08:45:00,SHORT,39224.68246351909,39542.38524872488,38695.177821509445,2.975638,2025-01-20 10:00:00,39224.68246351909,0.0,BE
2025-01-20 10:45:00,SHORT,39660.24788396603,39997.81765807063,39097.63159379171,2.800513,2025-01-20 12:45:00,39288.83573599428,1040.144548752811,TSL
2025-01-26 22:30:00,SHORT,39267.95569227982,39575.96945234447,38754.59942550541,3.10301,2025-01-26 23:45:00,39267.95569227982,0.0,BE
2025-01-30 05:15:00,LONG,45547.680148249005,45274.427738473416,46003.10083120832,3.497754,2025-01-30 06:15:00,45714.88274748251,584.8335602793851,TSL
2025-01-31 01:15:00,LONG,48376.14969817748,47957.369624230094,49074.11648808979,2.296237,2025-01-31 03:45:00,48530.76819858104,355.04072151116446,TSL
2025-01-31 07:45:00,LONG,47212.05302608554,46807.64708798002,47886.06292292807,2.386633,2025-01-31 08:30:00,47512.21661960323,716.380337687903,TSL
2025-02-01 14:30:00,SHORT,46257.78923904703,46583.1718394347,45715.48490506759,2.988274,2025-02-01 15:00:00,46583.1718394347,-972.3323647908567,SL
2025-02-03 16:00:00,SHORT,45641.42124224955,46018.284519554494,45013.31578007464,2.554266,2025-02-03 17:30:00,45136.69958584423,1289.1933664197811,TSL
2025-02-04 03:30:00,SHORT,45167.303293875215,45478.49949854445,44648.64295275982,3.134681,2025-02-04 04:15:00,44988.22970601705,561.3385734608104,TSL
2025-02-08 01:45:00,SHORT,44763.0377040355,45078.85594467474,44236.67396963677,3.106579,2025-02-08 03:00:00,44763.0377040355,0.0,BE
2025-02-09 22:15:00,SHORT,42022.08868631732,42341.69607446623,41489.40970606914,3.069749,2025-02-09 23:00:00,42341.69607446623,-981.1144601627175,SL
2025-02-12 17:45:00,SHORT,41867.53831063603,42187.8277325284,41333.72260748209,3.03258,2025-02-12 19:45:00,41715.07081524087,462.36987718545936,TSL
2025-02-13 14:30:00,SHORT,41585.80929846794,41863.59824196183,41122.827725978124,3.513196,2025-02-13 15:15:00,41585.80929846794,0.0,BE
2025-02-13 15:30:00,SHORT,41743.64875167354,42057.66337986729,41220.29103801729,3.107903,2025-02-13 16:15:00,42057.66337986729,-975.927005007236,SL
2025-02-16 02:00:00,SHORT,36969.371934670184,37245.86431080352,36508.5513077813,3.494374,2025-02-16 02:30:00,36776.65232485922,673.4343938135756,TSL
2025-02-17 08:00:00,SHORT,36393.29318237404,36626.87982750215,36003.98210716052,4.165058,2025-02-17 08:15:00,36393.29318237404,0.0,BE
2025-02-17 11:30:00,SHORT,36789.53678126556,37072.93978408861,36317.19844322715,3.432928,2025-02-17 12:45:00,36789.53678126556,0.0,BE
2025-02-21 20:45:00,SHORT,34676.34302414622,34891.79741199206,34317.25237773648,4.515582,2025-02-21 21:15:00,34551.75855568422,562.5713832665858,TSL
2025-02-23 14:45:00,SHORT,32492.342877272906,32722.199593571415,32109.248350108723,4.25712,2025-02-23 15:45:00,32722.199593571415,-978.5276240887091,SL
2025-02-23 18:45:00,SHORT,32920.145758827246,33162.04046244771,32516.987919459803,4.00481,2025-02-23 20:15:00,32753.183615854967,668.6516597968136,TSL
2025-02-23 22:00:00,SHORT,33045.27051933688,33287.97678705911,32640.760073133173,4.018969,2025-02-23 22:30:00,33045.27051933688,0.0,BE
2025-02-26 07:15:00,LONG,36280.41066165373,36009.33619401927,36732.2014410445,3.59838,2025-02-26 08:30:00,36280.41066165373,0.0,BE
2025-03-02 07:00:00,SHORT,36740.17568027413,37007.662017912684,36294.36511754321,3.64665,2025-03-02 08:00:00,37007.662017912684,-975.4290531496355,SL
2025-03-12 19:45:00,LONG,39834.390288475304,39529.10468578448,40343.19962629335,3.163184,2025-03-12 20:30:00,39529.10468578448,-965.6745338619799,SL
2025-03-16 00:30:00,LONG,41061.91848084782,40768.60121423164,41550.78059187478,3.259331,2025-03-16 01:45:00,41244.07523053253,593.7091411066248,TSL
2025-03-16 04:00:00,LONG,40645.89114614184,40353.56800531638,41133.09638085093,3.290725,2025-03-16 04:45:00,40645.89114614184,0.0,BE
2025-03-16 05:00:00,LONG,40538.95178240992,40234.58558728538,41046.22877428414,3.160519,2025-03-16 05:45:00,40679.37825770389,443.82054326962503,TSL
2025-03-18 09:45:00,LONG,41747.726797315554,41432.31689681906,42273.40996480971,3.063928,2025-03-18 11:15:00,41747.726797315554,0.0,BE
2025-03-18 11:45:00,LONG,41614.20201311712,41309.33383358698,42122.31564566736,3.169872,2025-03-18 12:30:00,41309.33383358698,-966.3931059835811,SL
2025-03-19 13:30:00,LONG,42451.34846722417,42067.96376216356,43090.32297565851,2.495481,2025-03-19 17:00:00,43146.56400314767,1734.8971608019215,TSL
2025-03-23 01:45:00,LONG,45147.805074637785,44836.81031707352,45666.12967057822,3.132137,2025-03-23 03:00:00,45376.92677347659,717.6405504358755,TSL
2025-03-24 03:30:00,SHORT,44042.02258319593,44381.66714115193,43475.94831993594,2.889063,2025-03-24 04:00:00,44381.66714115193,-981.2545255420207,SL
2025-03-27 17:15:00,SHORT,37852.069361894195,38145.66993986615,37362.73506527427,3.30872,2025-03-27 19:30:00,38145.66993986615,-971.442104347371,SL
2025-03-31 00:00:00,LONG,37551.311454706985,37227.52472358971,38090.95600656911,2.97025,2025-03-31 02:15:00,37914.39231054323,1078.440912047615,TSL
2025-04-02 00:15:00,SHORT,38145.01623069247,38407.88427340302,37706.90282617489,3.699621,2025-04-02 01:30:00,38407.88427340302,-972.512131040848,SL
2025-04-08 00:00:00,SHORT,31878.54130306689,32086.425256433206,31532.068047456367,4.631367,2025-04-08 00:15:00,31787.438624369643,421.92993973003286,TSL
2025-04-08 01:00:00,SHORT,32076.89308923206,32303.782383271762,31698.74426583256,4.262018,2025-04-08 01:45:00,31885.307592205867,816.5408368645832,TSL
2025-04-09 01:00:00,SHORT,31705.380604082144,31931.024424457053,31329.30757012396,4.32173,2025-04-09 02:00:00,31705.380604082144,0.0,BE
2025-04-14 05:30:00,SHORT,29618.4982351988,29866.279573768345,29205.52933758289,3.935614,2025-04-14 07:15:00,29453.83166551619,648.0640569748532,TSL
2025-04-15 02:45:00,SHORT,28868.24416980288,29060.77674236851,28547.356548860167,5.09863,2025-04-15 03:45:00,28546.873528140397,1638.5499946995938,TSL
2025-04-15 11:15:00,SHORT,29333.94280299187,29543.38928049352,28984.86534048912,4.765121,2025-04-15 11:30:00,29149.249699647866,880.0849852996887,TSL
2025-04-15 11:45:00,SHORT,29313.018418446703,29569.93162118834,28884.82974721064,3.918984,2025-04-15 13:15:00,29313.018418446703,0.0,BE
2025-04-17 05:45:00,LONG,30537.64251507396,30313.990493627025,30910.395884152185,4.501809,2025-04-17 06:00:00,30313.990493627025,-1006.8386830180035,SL
2025-04-18 04:15:00,SHORT,30314.347514778216,30544.52895791898,29930.711776210275,4.330368,2025-04-18 04:30:00,30544.52895791898,-996.7703555705909,SL
2025-04-21 01:00:00,SHORT,30096.646590961584,30340.894944165862,29689.56600228779,4.040161,2025-04-21 01:45:00,30096.646590961584,0.0,BE
2025-04-23 11:00:00,SHORT,28266.07437933985,28445.005414600626,27967.85598723856,5.514988,2025-04-23 11:15:00,28136.634277595127,713.8606078409292,TSL
2025-04-25 09:45:00,SHORT,26524.836362960978,26689.810067570885,26249.880188611132,6.024846,2025-04-25 11:15:00,26689.810067570885,-993.9411643241806,SL
2025-04-25 14:15:00,SHORT,27003.74873022241,27213.311534855697,26654.47738916694,4.695498,2025-04-25 14:45:00,27213.311534855697,-984.0017300299844,SL
2025-05-01 13:00:00,SHORT,26569.922238975378,26880.776780989367,26051.83133561873,3.133819,2025-05-01 15:00:00,26155.757613448524,1297.916972603938,TSL
2025-05-02 06:00:00,SHORT,26224.76576195268,26435.55904135418,25873.44362961685,4.682981,2025-05-02 06:30:00,26075.554034193487,698.7556860734749,TSL
2025-05-05 11:00:00,SHORT,23868.625611343527,24040.021315661215,23582.966104147377,5.800195,2025-05-05 11:30:00,23868.625611343527,0.0,BE
2025-05-05 11:45:00,SHORT,23961.86111236727,24156.7088591255,23637.11486777022,5.102078,2025-05-05 13:15:00,23892.142543149923,355.7095781953083,TSL
2025-05-05 19:00:00,SHORT,24141.066302049912,24357.765093380996,23779.90164983144,4.60402,2025-05-05 20:00:00,24061.818147966234,364.86008636433496,TSL
2025-05-06 09:30:00,SHORT,23773.869374308513,23946.193999885345,23486.661665013795,5.810743,2025-05-06 10:00:00,23946.193999885345,-1001.3341117981961,SL
2025-05-08 00:45:00,SHORT,23117.20036083677,23266.164592707737,22868.926641051825,6.654758,2025-05-08 01:15:00,23117.20036083677,0.0,BE
2025-05-18 21:00:00,LONG,24053.349233462915,23842.586443343764,24404.62055032817,4.703491,2025-05-18 22:00:00,23842.586443343764,-991.3208864603191,SL
2025-05-19 12:45:00,SHORT,23538.478651647834,23714.103000091036,23245.7714042425,5.588107,2025-05-19 14:45:00,23257.257406576566,1571.4944081314718,TSL
2025-05-20 12:00:00,SHORT,22842.92253428988,22981.764374008206,22611.51946809267,7.181715,2025-05-20 12:45:00,22981.764374008206,-997.1225229327034,SL
2025-05-22 09:15:00,LONG,23139.34442778898,22983.232201350267,23399.531471853497,6.323344,2025-05-22 10:15:00,23340.57065859771,1272.422679226999,TSL
2025-05-26 07:00:00,SHORT,22352.707175538508,22509.200182677232,22091.885496973966,6.389267,2025-05-26 07:45:00,22172.51044287415,1151.325037520199,TSL
2025-05-28 18:00:00,SHORT,20776.94339446596,20942.185048037125,20501.540638514023,6.120665,2025-05-28 19:30:00,20603.86785013808,1059.3374265236225,TSL
2025-05-30 09:15:00,SHORT,19588.614868085806,19722.83181064444,19364.91996382142,7.614405,2025-05-30 10:00:00,19722.83181064444,-1021.9821585031647,SL
2025-05-30 11:00:00,SHORT,20044.652282136936,20201.889885185832,19782.58961038878,6.434608,2025-05-30 11:45:00,19853.525717477296,1229.8245219714386,TSL
2025-05-31 06:15:00,LONG,20389.966537575347,20224.071319170438,20666.458568250193,6.172936,2025-05-31 08:15:00,20510.0994147772,741.5725624628992,TSL
2025-06-01 11:00:00,LONG,21298.139062373208,21148.678993979633,21547.2391763625,6.901351,2025-06-01 11:45:00,21395.551304334607,672.2760734725468,TSL
2025-06-06 05:15:00,LONG,22500.931277270425,22302.737076733974,22831.254944831177,5.238292,2025-06-06 07:00:00,22711.753600861983,1104.3488910910671,TSL
2025-06-08 00:30:00,SHORT,21818.02326224028,21942.92724383479,21609.84995958276,8.400394,2025-06-08 01:00:00,21706.391474415406,937.7510006533425,TSL
2025-06-09 11:15:00,SHORT,21731.64524921954,21869.859795318625,21501.28767238773,7.659253,2025-06-09 12:15:00,21869.859795318625,-1058.6201768530693,SL
2025-06-15 10:30:00,LONG,25355.076839292567,25132.172864504046,25726.583463940104,4.701728,2025-06-15 12:00:00,25682.95014257162,1541.571090479608,TSL
2025-06-17 11:30:00,LONG,26969.6519962287,26747.81126129515,27339.38655445128,4.793753,2025-06-17 12:00:00,26969.6519962287,0.0,BE
2025-06-17 12:15:00,LONG,26887.140450040206,26659.527143411568,27266.495961087934,4.672177,2025-06-17 13:00:00,26659.527143411568,-1063.4496561242718,SL
2025-06-22 15:00:00,LONG,28581.743183249262,28335.786873410038,28991.67036631464,4.280497,2025-06-22 16:00:00,28335.786873410038,-1052.8152463978713,SL
2025-06-24 01:15:00,SHORT,27544.004610874923,27719.756086613466,27251.085484644016,5.930459,2025-06-24 01:45:00,27544.004610874923,0.0,BE
2025-06-24 01:45:00,SHORT,27500.491890935908,27691.738859409,27181.74694348075,5.449953,2025-06-24 02:00:00,27500.491890935908,0.0,BE
2025-06-26 15:15:00,LONG,29242.03604100566,29030.961354231586,29593.827185629114,4.938001,2025-06-26 16:15:00,29030.961354231586,-1042.2870143650666,SL
2025-07-03 08:30:00,SHORT,29125.864777954586,29350.872532588815,28750.851853564203,4.585905,2025-07-03 09:00:00,29125.864777954586,0.0,BE
2025-07-04 11:00:00,SHORT,28453.07285669302,28691.091445529728,28056.375208631838,4.335225,2025-07-04 11:30:00,28691.091445529728,-1031.8641367896205,SL
2025-07-06 18:00:00,LONG,29180.57556096185,28963.90492998635,29541.69327925435,4.714739,2025-07-06 18:30:00,29269.021831098875,417.00107921956635,TSL
2025-07-07 16:00:00,LONG,30215.34132879722,30021.547411496504,30538.331190965084,5.292816,2025-07-07 16:30:00,30345.741670809242,690.1850166066954,TSL
2025-07-08 06:15:00,LONG,30416.07953219696,30186.110285920317,30799.3616093247,4.490241,2025-07-08 06:30:00,30186.110285920317,-1032.6173383704815,SL
2025-07-09 10:45:00,LONG,30712.49593275609,30427.465947483888,31187.54590820976,3.586609,2025-07-09 12:00:00,30712.49593275609,0.0,BE
2025-07-12 10:30:00,LONG,33472.96240656025,33272.48253733608,33807.095521933865,5.099221,2025-07-12 11:00:00,33600.51085726688,650.397738360742,TSL
2025-08-01 00:15:00,LONG,35396.79812484113,35149.59799041165,35808.79834889027,4.16179,2025-08-01 01:45:00,35481.97925672558,354.50598286537854,TSL
2025-08-01 14:15:00,SHORT,34687.757220250576,35004.58985578082,34159.702827700174,3.258314,2025-08-01 14:30:00,35004.58985578082,-1032.3402120050835,SL
2025-08-07 08:45:00,SHORT,34791.25229746129,35076.92256480481,34315.13518522209,3.57761,2025-08-07 09:30:00,34683.83478885322,384.2979529712993,TSL
2025-08-10 09:15:00,LONG,36761.26566621634,36492.68948316483,37208.892637968864,3.819623,2025-08-10 10:45:00,36882.49185825898,463.0383513284809,TSL
2025-08-21 18:45:00,LONG,37870.46255198791,37616.71535742962,38293.374542918405,4.06109,2025-08-21 19:15:00,37870.46255198791,0.0,BE
2025-08-21 20:15:00,LONG,37790.80034345353,37537.24056528968,38213.399973726606,4.064092,2025-08-21 20:45:00,37790.80034345353,0.0,BE
2025-08-29 03:30:00,SHORT,37289.23106379652,37587.37013676973,36792.33260884117,3.456408,2025-08-29 05:00:00,37587.37013676973,-1030.4902769371813,SL
2025-08-29 07:15:00,SHORT,38233.37197423892,38524.6645344665,37747.884373859626,3.50227,2025-08-29 08:00:00,38233.37197423892,0.0,BE
2025-09-01 13:30:00,SHORT,34450.243743277315,34704.98442573317,34025.67593918423,4.004799,2025-09-01 15:00:00,34704.98442573317,-1020.1852303585321,SL
2025-09-03 09:30:00,LONG,37069.17249680166,36763.23054123697,37579.075756076134,3.301226,2025-09-03 09:45:00,36763.23054123697,-1009.9835382009965,SL
2025-09-06 05:00:00,LONG,39030.94184386747,38779.31710617614,39450.31640668636,3.973709,2025-09-06 05:15:00,39196.566422821656,658.1438800114606,TSL
2025-09-06 23:15:00,LONG,39337.33481407691,39029.3807032565,39850.591665444255,3.26823,2025-09-06 23:45:00,39029.3807032565,-1006.4648636065776,SL
2025-09-12 22:30:00,SHORT,38986.12486481931,39281.538814539555,38493.76828195223,3.372895,2025-09-12 23:15:00,39281.538814539555,-996.400233941678,SL
2025-09-15 20:45:00,SHORT,37773.519121033416,38015.86537466627,37369.608698312004,4.070359,2025-09-15 22:30:00,38015.86537466627,-986.4362545907601,SL
2025-09-16 13:00:00,SHORT,37425.688918461135,37713.43501319161,36946.11209391035,3.393867,2025-09-16 13:30:00,37253.1581427563,585.5465061490441,TSL
2025-09-20 20:45:00,LONG,41243.839096242176,40954.68676916348,41725.759641373326,3.397612,2025-09-20 21:30:00,41521.61582236635,943.7775380002112,TSL
2025-09-30 01:30:00,SHORT,46400.38337072719,46792.065225410726,45747.580279587964,2.532324,2025-09-30 03:00:00,46792.065225410726,-991.8653609796276,SL
2025-10-02 17:15:00,LONG,50207.03247735985,49851.06458031231,50800.31230577241,2.758526,2025-10-02 18:00:00,49851.06458031231,-981.9466991709515,SL
2025-10-06 02:45:00,SHORT,52555.48682108431,52991.96150095899,51828.02902129318,2.227225,2025-10-06 03:30:00,52555.48682108431,0.0,BE
2025-10-12 05:15:00,SHORT,52204.48124469535,52725.44796034285,51336.20338528285,1.866006,2025-10-12 05:45:00,52725.44796034285,-972.1270171985234,SL
2025-10-13 00:45:00,LONG,55804.32861296418,55401.9958814645,56474.88316546364,2.392064,2025-10-13 01:30:00,55401.9958814645,-962.4056430420472,SL
2025-10-13 13:30:00,LONG,56824.61714058127,56307.14644997209,57687.06829159657,1.841228,2025-10-13 14:45:00,57138.09728105203,577.1884120786991,TSL
2025-10-20 04:45:00,SHORT,49881.30288208628,50302.30052878568,49179.64013758728,2.276862,2025-10-20 05:45:00,50302.30052878568,-958.5535438592838,SL
2025-10-23 09:30:00,SHORT,48581.239111068964,48963.49811000716,47944.1407795053,2.482527,2025-10-23 10:00:00,48963.49811000716,-948.9682858570426,SL
2025-10-27 14:30:00,SHORT,47856.088620595096,48187.532425241174,47303.682279518296,2.834503,2025-10-27 15:00:00,47607.239805264224,705.3627136018019,TSL
2025-10-28 02:00:00,SHORT,48310.92498459897,48650.5547915962,47744.875306270245,2.786952,2025-10-28 03:30:00,47845.91521178656,1295.9599163590894,TSL
2025-11-02 00:45:00,SHORT,44531.476725992026,44867.41320996484,43971.58258603734,2.85617,2025-11-02 02:30:00,44291.815027945246,684.5145521102735,TSL
2025-11-10 15:15:00,SHORT,37538.65544776718,37794.935533295204,37111.521971887145,3.770628,2025-11-10 15:45:00,37403.92989208181,507.9999525828177,TSL
2025-11-10 16:45:00,SHORT,37839.970335668906,38133.76437803317,37350.313598395136,3.306455,2025-11-10 18:00:00,37271.73436822657,1878.8466557295462,TSL
2025-11-12 12:00:00,SHORT,33572.43171853385,33863.80191311275,33086.81472756902,3.398444,2025-11-12 12:45:00,33863.80191311275,-990.2052895454947,SL
2025-11-12 19:45:00,SHORT,34102.274312931426,34364.83605380199,33664.67141148048,3.73361,2025-11-12 20:00:00,33967.874289485786,501.7972715368753,TSL
2025-11-12 21:30:00,SHORT,34165.32966723647,34399.46486419034,33775.10433898002,4.208343,2025-11-12 23:15:00,34399.46486419034,-985.3212171544557,SL
2025-11-14 00:00:00,SHORT,34512.33994218121,34831.48050890857,33980.438997635596,3.056547,2025-11-14 01:00:00,34040.05793977144,1443.552137619567,TSL
2025-11-16 04:00:00,SHORT,33253.9325648886,33484.80963717446,32869.13744441217,4.287578,2025-11-16 05:00:00,33253.9325648886,0.0,BE
2025-11-20 03:00:00,SHORT,33888.70141233383,34094.429777085345,33545.820804414645,4.811702,2025-11-20 03:15:00,33693.911042782995,937.2732107484956,TSL
2025-11-21 08:00:00,SHORT,32941.34413217592,33176.36852700963,32549.636807453062,4.251798,2025-11-21 11:45:00,32065.063895312585,3725.7665585350373,TSL
2025-11-24 03:45:00,SHORT,30628.857610283747,30861.03248039155,30241.899493437406,4.464453,2025-11-24 04:30:00,30500.21248372703,574.3301211915091,TSL
2025-11-25 12:15:00,LONG,30827.477065634186,30592.555928713587,31219.01229383518,4.436711,2025-11-25 12:45:00,30935.47892398736,479.1730329759717,TSL
2025-11-29 08:00:00,LONG,32252.322929783346,32014.11454115372,32649.33691083272,4.395601,2025-11-29 08:30:00,32014.11454115372,-1047.0690312687643,SL
2025-11-30 11:00:00,LONG,34411.80531574231,34119.54139947025,34898.91184286243,3.546788,2025-11-30 12:15:00,34119.54139947025,-1036.5981510667689,SL
2025-12-02 00:00:00,LONG,36556.07850645637,36247.38312429904,37070.57081005191,3.324417,2025-12-02 00:15:00,36247.38312429904,-1026.2321762653116,SL
2025-12-02 02:15:00,LONG,36085.77751054335,35716.19713091181,36701.74480992925,2.748982,2025-12-02 03:30:00,36085.77751054335,0.0,BE
2025-12-04 13:30:00,SHORT,35889.916742561174,36159.72093550768,35440.243087650335,3.765582,2025-12-04 14:30:00,36159.72093550768,-1015.9698124838804,SL
2025-12-08 05:30:00,SHORT,36102.20127490562,36373.86434534652,35649.429490837465,3.702418,2025-12-08 06:15:00,36373.86434534652,-1005.8102419356424,SL
2025-12-09 05:00:00,SHORT,35485.80276436889,35741.858955409516,35059.04244596785,3.888803,2025-12-09 06:00:00,35224.06966257617,1017.8284714508382,TSL
2025-12-09 19:30:00,SHORT,35016.10939843768,35326.017953646195,34499.59513975681,3.245894,2025-12-09 20:30:00,35016.10939843768,0.0,BE
2025-12-13 09:45:00,LONG,35594.266826121624,35354.19180895336,35994.391854735404,4.190067,2025-12-13 10:15:00,35354.19180895336,-1005.9304069611875,SL
2025-12-17 00:00:00,SHORT,37442.04347108014,37731.724149546426,36959.242340303004,3.437824,2025-12-17 01:15:00,37238.937109344,698.2439249291951,TSL
2025-12-17 19:00:00,LONG,38116.39706933096,37829.249333186584,38594.97662957158,3.492466,2025-12-17 20:15:00,38449.98928241313,1165.0594620542372,TSL
2025-12-18 15:15:00,LONG,38567.99830407709,38269.56269562035,39065.39098483833,3.399407,2025-12-18 16:00:00,38567.99830407709,0.0,BE
2025-12-23 01:15:00,LONG,39829.38518368303,39570.04085866718,40261.625725376114,3.911804,2025-12-23 01:30:00,39918.15685730562,347.2573879635501,TSL
2025-12-24 06:15:00,SHORT,38546.42658077396,38799.956161954084,38123.877278807086,4.015219,2025-12-24 06:30:00,38799.956161954084,-1017.9767914164848,SL
2025-12-28 06:15:00,LONG,43374.31733368438,43017.13303637034,43969.62449587446,2.821504,2025-12-28 06:30:00,43017.13303637034,-1007.7969236087663,SL
